transaction_id,customer_id,amount,amount_log,customer_avg_amount,customer_max_amount,customer_transaction_count,amount_vs_customer_avg,anomaly_prediction,anomaly_score
9,C1015,6961.96,8.848359950275752,4792.305,9067.24,12,1.452737252741635,1,0.1933283940501478
10,C1092,5899.94,8.682866939237302,4277.000909090909,9818.04,11,1.3794572705045445,1,0.1971943589496633
11,C1055,8818.58,9.084729528819397,4684.112142857142,8818.58,14,1.8826577441036625,1,0.1441869463869931
13,C1022,4011.83,8.297252007047156,3177.713333333333,9696.32,9,1.262489588949706,1,0.15935209528880723
16,C1089,8616.06,9.06149923819568,6255.949,9690.93,10,1.377258670107445,1,0.1797861260947084
18,C1015,8022.64,8.9901474632315,4792.305,9067.24,12,1.6740670721083069,1,0.18291509787082455
19,C1050,6404.13,8.764854510768108,4920.444444444444,9646.04,9,1.3015348658657755,1,0.20925563655278256
22,C1030,5900.34,8.682934722750344,5110.168,9238.55,10,1.154627401682293,1,0.21730048513242922
23,C1079,6471.69,8.775347066158151,4736.718333333333,9670.93,18,1.3662813670927587,1,0.12358586435295893
24,C1086,7710.64,8.950486154702888,4640.49125,8719.34,16,1.6615999437559548,1,0.1425407817669257
25,C1079,4561.03,8.42552297888584,4736.718333333333,9670.93,18,0.9629092715737444,1,0.12971491414737701
26,C1053,8467.21,9.044074431191474,5294.12,9965.44,14,1.5993611780616983,1,0.15593173060175647
28,C1018,942.56,6.849659955791425,5248.64,8985.31,10,0.1795817583221558,1,0.1627591952569049
30,C1000,4205.27,8.344331548210857,3568.2321428571427,9240.38,14,1.1785303846943016,1,0.15426788747787268
34,C1032,7472.84,8.919164202270125,4781.380909090909,8800.82,11,1.56290413629079,1,0.20197102312668974
36,C1068,1318.5,7.185008155943379,5260.007500000001,9461.27,8,0.2506650418274118,1,0.1644958576351203
38,C1066,3014.5,8.011520932891042,3139.325714285714,6024.31,7,0.9602380492990306,1,0.10404228129143517
39,C1021,9757.58,9.1859021770189,5678.83125,9757.58,8,1.718237357378774,1,0.14401924813147937
41,C1009,5958.38,8.69272172780259,5249.364545454546,9876.56,11,1.1350669111291565,1,0.21145972947483055
44,C1010,6104.1,8.716879766427034,4498.433333333333,8140.28,9,1.3569390824953873,1,0.1943192791945335
47,C1080,8500.72,9.04802377494899,5252.084545454545,9562.84,11,1.618542109600465,1,0.1966832661856276
50,C1041,6513.68,8.78181337093131,5640.422222222222,9327.78,9,1.1548213490715824,1,0.2062010369907597
55,C1062,9531.57,9.162469635003996,5481.721111111111,9531.57,9,1.7387914866154162,1,0.1643772005146641
57,C1071,8528.2,9.05125084945208,4354.5230769230775,8528.2,13,1.9584693545879792,1,0.1313381132073721
59,C1038,537.33,6.288471755019013,3299.764545454546,8865.4,11,0.1628388912597345,1,0.12801417623718525
60,C1028,3522.68,8.16726117703058,4915.713333333333,7327.73,6,0.7166162388096946,1,0.12461345976759308
65,C1096,4211.71,8.345861425050114,4606.570909090909,8962.25,11,0.9142831149496332,1,0.20798435490920952
67,C1020,2453.59,7.805715020171568,3496.548181818181,9070.37,11,0.7017177720468734,1,0.19013647369757025
71,C1005,8448.1,9.041815205803006,4320.8575,8448.1,12,1.9551906074199392,1,0.13588764443818463
72,C1094,1664.31,7.417766571270233,4499.112857142857,8718.84,7,0.3699195936722763,1,0.1567903380098899
73,C1022,5164.25,8.549708783092917,3177.713333333333,9696.32,9,1.625146593881974,1,0.15270665263841382
75,C1007,374.26,5.927619119059228,5566.350666666666,9837.03,15,0.0672361520881544,1,0.07188342995974761
76,C1064,3983.67,8.29020977725581,5247.81375,9353.4,16,0.7591104009741199,1,0.16580680192068936
77,C1094,1206.63,7.096415040187243,4499.112857142857,8718.84,7,0.2681928723091124,1,0.14956738818726517
78,C1081,2308.4,7.744743029517755,5991.906363636364,9147.69,11,0.3852530163036593,1,0.17555699794286522
80,C1034,5132.65,8.543572186142653,4935.611,8095.92,10,1.0399219063252756,1,0.20370575053958345
95,C1072,3822.49,8.248918897076125,3519.8770000000004,7597.02,10,1.0859726064291448,1,0.16278041155740525
101,C1054,837.6,6.731733834736662,5577.102857142857,7997.02,7,0.1501855033796349,1,0.11920112753618561
103,C1045,7835.83,8.96658969484362,5723.765555555556,9318.22,9,1.368999118490178,1,0.19764059612289925
104,C1055,3637.64,8.199365264441436,4684.112142857142,8818.58,14,0.7765911423677334,1,0.1842822869829044
112,C1087,5325.58,8.580464660181871,4560.190625,9756.96,16,1.1678415307474126,1,0.1619118864865738
118,C1051,139.09,4.942285073208023,4670.660833333333,9866.55,12,0.0297795119284512,1,0.06038112850222044
119,C1000,1482.71,7.302300986841024,3568.2321428571427,9240.38,14,0.4155306999764789,1,0.14014980917923092
121,C1090,6422.87,8.767776018809132,5317.264375,9237.28,16,1.2079275257025377,1,0.16131175064302883
124,C1056,5993.3,8.698564296674197,6002.706666666667,9969.37,9,0.9984329291452968,1,0.19007161935762235
127,C1023,398.13,5.989287178360175,5220.455,9934.09,8,0.0762634674563807,1,0.1102126057294121
132,C1033,8413.84,9.037752092778073,5039.013,8413.84,10,1.669739689101814,1,0.18056656668832582
133,C1029,436.9,6.081990573807353,1521.0400000000002,3519.08,7,0.2872376794824593,-1,-0.008537283475535729
135,C1091,5597.28,8.63021468668807,4808.191818181818,9368.84,11,1.164113290745661,1,0.21507074046884173
138,C1090,530.98,6.27660589465001,5317.264375,9237.28,16,0.0998596200137218,1,0.08808460729794809
141,C1078,5783.59,8.662952764168894,5396.48875,7895.83,8,1.0717320591097312,1,0.1816349722998553
145,C1074,4604.3,8.434963093147266,4487.675,9739.14,8,1.025987844485173,1,0.19312324596274227
154,C1100,6534.47,8.784999543900634,4901.26,8566.26,16,1.3332224774853814,1,0.15211335338280269
157,C1009,3430.31,8.140697391443755,5249.364545454546,9876.56,11,0.6534714764609604,1,0.19633858114656022
162,C1001,735.09,6.601352393861664,88469.96499999998,500000.0,6,0.0083089215645106,-1,-0.13258609866036275
164,C1060,4094.93,8.31774907672956,4820.861111111111,9622.87,9,0.8494187875610051,1,0.20972305308339578
167,C1072,905.9,6.810032190453522,3519.8770000000004,7597.02,10,0.2573669477655043,1,0.12698998087666002
168,C1020,846.11,6.741830556349529,3496.548181818181,9070.37,11,0.2419843674397841,1,0.14823896362605893
175,C1008,4219.12,8.347618842644719,5705.191428571428,9704.91,7,0.7395229507761603,1,0.18061185781158312
178,C1008,8263.59,9.019735402249108,5705.191428571428,9704.91,7,1.4484334318067205,1,0.17704355598461358
179,C1035,8742.85,9.07610587508892,7577.179090909091,9644.2,11,1.1538396935199078,1,0.13689691066207327
182,C1019,1845.54,7.521068896662915,3016.2025000000003,9018.94,8,0.6118753631428924,1,0.13803009656091003
183,C1057,4930.37,8.503372118898863,5217.679090909091,8393.37,11,0.9449354615523062,1,0.19769657635888854
187,C1071,5392.29,8.592910867301464,4354.5230769230775,8528.2,13,1.2383193072455163,1,0.17429510334682713
189,C1014,6660.99,8.804173517701763,3020.4777777777776,6660.99,9,2.20527694294133,1,0.06230153655806825
193,C1081,8226.53,9.01524112711896,5991.906363636364,9147.69,11,1.372940346652462,1,0.18882763425465876
194,C1048,619.53,6.430573951582296,3088.6,7022.42,8,0.2005860260312115,1,0.08293904889074244
196,C1014,2861.5,7.959450647862495,3020.4777777777776,6660.99,9,0.9473666785607868,1,0.12101563942387039
199,C1098,7832.73,8.966194048479938,5336.942857142857,9110.41,7,1.467643594781389,1,0.1797665985022312
202,C1054,4781.01,8.472616239191325,5577.102857142857,7997.02,7,0.8572569168016575,1,0.16923176903374565
206,C1016,1023.33,6.9317940193080405,4916.9766666666665,9399.49,12,0.2081217929988143,1,0.15715123166447814
209,C1040,1329.88,7.193595656554547,4365.485000000001,9017.49,16,0.3046351092719365,1,0.13032878605511233
211,C1073,145.64,4.987980603531449,3618.462,8430.09,10,0.0402491445260444,1,0.0562110001712417
213,C1087,274.41,5.618260896455957,4560.190625,9756.96,16,0.06017511603476,1,0.06287780738637272
215,C1011,3704.92,8.217686819996013,5951.5075,9810.61,8,0.6225179082778607,1,0.17663725786448053
218,C1036,8819.61,9.08484630760706,4926.597777777777,8819.61,9,1.7902029753235165,1,0.1719341358326696
220,C1036,4405.97,8.390942657466876,4926.597777777777,8819.61,9,0.8943230599976817,1,0.21372874188159802
221,C1000,2072.61,7.637046328677191,3568.2321428571427,9240.38,14,0.5808506613419011,1,0.1511415103477221
225,C1067,4230.52,8.35031654555533,3931.592222222224,6212.17,9,1.0760322436513563,1,0.1399429645784278
232,C1026,975.1,6.88356504018092,3868.727142857143,8996.06,7,0.2520467233778256,1,0.13893204574351942
235,C1011,5875.48,8.678713222180749,5951.5075,9810.61,8,0.9872255054706728,1,0.1884240398768703
241,C1069,8870.28,9.090574371544056,6014.573333333333,8870.28,9,1.4747978798163577,1,0.16985822396060396
242,C1091,3362.41,8.120710619266129,4808.191818181818,9368.84,11,0.6993086231055295,1,0.20873904257655773
251,C1044,1889.32,7.544501405891313,4062.351111111112,7154.07,9,0.4650804296143776,1,0.1461977600750981
253,C1089,7853.3,8.968816431505486,6255.949,9690.93,10,1.2553331237195189,1,0.1915802726300629
262,C1050,1284.18,7.15865406534035,4920.444444444444,9646.04,9,0.2609886189142805,1,0.1724695486309682
264,C1012,1440.13,7.273182807058765,3703.6550000000007,9166.13,18,0.3888402132488042,1,0.08940046187724471
265,C1012,7739.55,8.954228023490696,3703.6550000000007,9166.13,18,2.089705979633632,1,0.056104344397602146
267,C1093,337.36,5.824110417435814,5020.352142857143,9724.73,14,0.0671984734138598,1,0.0940769636422244
271,C1034,3403.51,8.13285630220759,4935.611,8095.92,10,0.689582302981333,1,0.1967034407196217
284,C1010,4220.25,8.347886571699778,4498.433333333333,8140.28,9,0.9381599519832832,1,0.19241529641991406
285,C1031,5865.74,8.67705439228001,6461.551,9870.47,10,0.9077913336906264,1,0.1853811394152497
286,C1041,5207.67,8.558079823847418,5640.422222222222,9327.78,9,0.9232766262572936,1,0.20738907164180664
287,C1086,4002.62,8.294954230836433,4640.49125,8719.34,16,0.8625423008824766,1,0.1695297282056798
289,C1058,2276.88,7.731000464832071,4589.3133333333335,8872.59,9,0.4961265083955915,1,0.18987216144396557
293,C1000,978.7,6.887246402350597,3568.2321428571427,9240.38,14,0.274281481926324,1,0.1314066931262342
302,C1067,3491.45,8.158358774636367,3931.592222222224,6212.17,9,0.8880498797066384,1,0.14265794516094477
303,C1037,273.62,5.6153883238936055,3899.558333333333,8255.79,6,0.0701669206128044,1,0.03053580444392756
305,C1087,9733.74,9.18345620969412,4560.190625,9756.96,16,2.1345028750854027,1,0.06569256025884262
309,C1037,2455.17,7.806358505112604,3899.558333333333,8255.79,6,0.6296020703199294,1,0.13149468319884988
311,C1028,4954.0,8.508152446764088,4915.713333333333,7327.73,6,1.007788628846,1,0.12592838341035906
313,C1015,757.61,6.63148781134561,4792.305,9067.24,12,0.1580888528589061,1,0.14654202151562623
324,C1085,4324.57,8.372299202589703,5215.24125,8005.24,8,0.8292176320702326,1,0.1831319749118407
325,C1007,8928.13,9.097074244712385,5566.350666666666,9837.03,15,1.60394673901249,1,0.12964551229171012
326,C1030,9238.55,9.13124846215108,5110.168,9238.55,10,1.807875983724997,1,0.17083425973482852
327,C1074,869.8,6.769412329360392,4487.675,9739.14,8,0.1938197396201819,1,0.15722362731268552
328,C1063,6380.04,8.761086372458635,7277.253333333333,9382.16,9,0.8767098942091706,1,0.15544580105181977
332,C1003,3197.5,8.070437228890192,4258.298333333333,9852.61,6,0.7508867978954035,1,0.14222258805899962
335,C1086,5124.66,8.542014576202918,4640.49125,8719.34,16,1.1043356670481816,1,0.16555826387140016
337,C1000,6837.45,8.830316376749947,3568.2321428571427,9240.38,14,1.9162009998949057,1,0.12714484266714304
338,C1075,8849.8,9.088263129396775,7032.544,9857.36,10,1.258406630658834,1,0.14902585251084227
345,C1079,4053.15,8.307496326820784,4736.718333333333,9670.93,18,0.8556873587937641,1,0.13041876567990712
348,C1075,4823.55,8.481472745175001,7032.544,9857.36,10,0.6858897718947795,1,0.16629709877762633
350,C1068,7781.47,8.959629047505892,5260.007500000001,9461.27,8,1.4793648107916195,1,0.19521616468436992
352,C1009,6146.31,8.723769866740009,5249.364545454546,9876.56,11,1.1708674348635446,1,0.21154923260294461
369,C1016,866.39,6.765488702628331,4916.9766666666665,9399.49,12,0.1762038054549781,1,0.1542288229551408
372,C1048,4868.35,8.49071573694282,3088.6,7022.42,8,1.5762319497506962,1,0.11190270902995003
377,C1035,6621.11,8.798169329264907,7577.179090909091,9644.2,11,0.8738225559356041,1,0.1427812645796453
378,C1072,2778.15,7.929900404536288,3519.8770000000004,7597.02,10,0.7892747388616136,1,0.16465864082840131
385,C1008,4171.73,8.336325776844824,5705.191428571428,9704.91,7,0.7312164810295585,1,0.18026727329848335
387,C1093,3929.36,8.27648630372144,5020.352142857143,9724.73,14,0.7826861320058226,1,0.1833476650362108
392,C1097,3744.38,8.228278359428561,5611.7809090909095,9330.36,11,0.6672355996532618,1,0.19848755066053997
401,C1078,1876.7,7.537802902598766,5396.48875,7895.83,8,0.3477631635941055,1,0.14829330506681848
404,C1081,2035.52,7.618997747811174,5991.906363636364,9147.69,11,0.3397115836711248,1,0.17504535119592385
405,C1050,9646.04,9.174406411528704,4920.444444444444,9646.04,9,1.960400144521724,1,0.1332109368549675
406,C1100,1054.27,6.961551937337779,4901.26,8566.26,16,0.2151018309577537,1,0.10262655577778784
407,C1088,8512.45,9.049402544818255,4964.531666666667,9431.24,6,1.714653178094342,1,0.14034695347749648
409,C1047,1750.24,7.4680793874279185,4385.52,7846.68,7,0.3990952042175159,1,0.1440271304694895
421,C1005,3139.89,8.052261478231362,4320.8575,8448.1,12,0.7266821458472074,1,0.18464369450864276
424,C1054,5758.04,8.658526073132839,5577.102857142857,7997.02,7,1.0324428556352352,1,0.1690280863195882
426,C1031,3597.97,8.188402972395497,6461.551,9870.47,10,0.5568276099654712,1,0.167115072947497
430,C1053,9010.66,9.106274573365958,5294.12,9965.44,14,1.7020127991054226,1,0.14011831959945864
431,C1072,3713.08,8.219886281799136,3519.8770000000004,7597.02,10,1.0548891339100768,1,0.16129653775762082
432,C1035,8048.97,8.993423643697591,7577.179090909091,9644.2,11,1.062264716648568,1,0.1438785230271954
443,C1016,537.29,6.2883974483926846,4916.9766666666665,9399.49,12,0.1092724323144371,1,0.13422275320514404
446,C1089,3583.18,8.184284996047964,6255.949,9690.93,10,0.5727636206752964,1,0.18112960065302536
447,C1086,4799.65,8.47650660439464,4640.49125,8719.34,16,1.0342978235332303,1,0.1689109759348401
448,C1066,6024.31,8.70372420931739,3139.325714285714,6024.31,7,1.9189821472126865,1,0.06626871901245479
450,C1018,3837.47,8.25282912868446,5248.64,8985.31,10,0.7311360657236922,1,0.2073581918732595
453,C1097,7024.92,8.857361446481415,5611.7809090909095,9330.36,11,1.2518165113359734,1,0.20452938789370362
456,C1067,3416.04,8.136529958221782,3931.592222222224,6212.17,9,0.8688693554463232,1,0.1449703394536706
458,C1075,9558.31,9.165270827708436,7032.544,9857.36,10,1.3591539562354675,1,0.13176686274413324
460,C1083,4258.58,8.356925842853654,4036.3981818181824,9773.86,11,1.0550445739428356,1,0.19637569702528151
464,C1056,3950.83,8.281934041748203,6002.706666666667,9969.37,9,0.658174756720857,1,0.1807478701880446
465,C1041,9327.78,9.14085952430536,5640.422222222222,9327.78,9,1.6537378998420134,1,0.17176444895830828
468,C1032,6584.97,8.79269690780902,4781.380909090909,8800.82,11,1.3772109198578806,1,0.20767027710248903
470,C1060,9622.87,9.172001749666356,4820.861111111111,9622.87,9,1.996089449210895,1,0.13329570295651905
472,C1009,5729.48,8.653554575833812,5249.364545454546,9876.56,11,1.0914616331916192,1,0.20870423052273285
479,C1044,3491.51,8.158375954405471,4062.351111111112,7154.07,9,0.8594801149635296,1,0.16860270180063885
481,C1074,3902.33,8.269585313952323,4487.675,9739.14,8,0.8695660893447051,1,0.196429239286743
484,C1012,1812.11,7.50279888183214,3703.6550000000007,9166.13,18,0.4892761339811617,1,0.09059059191153562
486,C1056,9146.6,9.121246828782228,6002.706666666667,9969.37,9,1.5237459546027017,1,0.15353504293137482
487,C1071,4559.66,8.42522262887717,4354.5230769230775,8528.2,13,1.0471089300603438,1,0.17864810072373782
493,C1037,2516.99,7.831216243190529,3899.558333333333,8255.79,6,0.6454551476983504,1,0.12958176467321003
498,C1100,4647.86,8.444377307234138,4901.26,8566.26,16,0.9482990088263016,1,0.1561194587828721
500,C1029,1831.49,7.513430976719996,1521.0400000000002,3519.08,7,1.2041037711039813,1,0.0040293626173762975
502,C1100,8566.26,9.05570324051718,4901.26,8566.26,16,1.747766900756132,1,0.1205583773890539
503,C1053,9965.44,9.206978727977138,5294.12,9965.44,14,1.8823600522844213,1,0.10232722611872219
506,C1027,7640.27,8.941319098712322,6337.765714285714,9016.94,7,1.2055147420136345,1,0.1631440020771071
507,C1024,7831.76,8.966070217296151,5167.605714285715,8413.34,7,1.5155490633407456,1,0.17115900574900134
511,C1100,4592.57,8.432412778519977,4901.26,8566.26,16,0.9370182361270366,1,0.15585040271486855
520,C1079,7254.19,8.889472353810653,4736.718333333333,9670.93,18,1.531480128119644,1,0.1179494512847245
523,C1046,7378.9,8.906515367367213,7408.965454545454,9573.38,11,0.995942017177714,1,0.15224839300435233
524,C1085,3604.72,8.190276752384634,5215.24125,8005.24,8,0.691189501540317,1,0.18439994560831358
525,C1024,7430.95,8.913543552806889,5167.605714285715,8413.34,7,1.4379870312971683,1,0.17402120578379093
532,C1032,8800.82,9.082713797264184,4781.380909090909,8800.82,11,1.840643982843298,1,0.1730139046981335
535,C1089,5918.38,8.68598699266378,6255.949,9690.93,10,0.9460403209808776,1,0.1976293472113121
536,C1051,9866.55,9.197006874663764,4670.660833333333,9866.55,12,2.112452681124887,1,0.10100657352886722
538,C1091,3458.19,8.148789736598898,4808.191818181818,9368.84,11,0.7192287934360507,1,0.20917338806456282
540,C1050,4774.7,8.4712958390292,4920.444444444444,9646.04,9,0.9703798211543672,1,0.21024231539997568
544,C1033,5731.92,8.653980278511352,5039.013,8413.84,10,1.137508476362335,1,0.20949599436913885
545,C1081,8868.99,9.090428947907274,5991.906363636364,9147.69,11,1.480161648356867,1,0.17766330952992643
546,C1079,8642.43,9.064554773758868,4736.718333333333,9670.93,18,1.824560675094677,1,0.08529159467061531
547,C1092,147.12,4.998022756045412,4277.000909090909,9818.04,11,0.0343979351716506,1,0.0735973170265447
551,C1006,6489.1,8.778033217899921,6649.928,8374.41,5,0.9758150764940614,1,0.0881760348326448
552,C1073,8430.09,9.039681342755983,3618.462,8430.09,10,2.3297439630428616,1,0.09882638162203705
553,C1064,8548.84,9.053667848305414,5247.81375,9353.4,16,1.6290288503474422,1,0.142620169115256
554,C1040,8580.18,9.057326712163272,4365.485000000001,9017.49,16,1.965458591657055,1,0.11330265067633194
555,C1072,817.46,6.707424525733084,3519.8770000000004,7597.02,10,0.2322410697873817,1,0.12219511927289284
557,C1058,2963.45,7.994446796754553,4589.3133333333335,8872.59,9,0.6457284096240976,1,0.20046641243118618
560,C1043,508.46,6.233351341239327,5631.042222222222,9788.6,9,0.0902958954904341,1,0.12829355553393995
563,C1078,5607.04,8.631956561356606,5396.48875,7895.83,8,1.039016341876002,1,0.18215477453262696
566,C1045,4610.03,8.436206538366413,5723.765555555556,9318.22,9,0.8054190821155226,1,0.20187307115098846
581,C1015,1279.09,7.154685666941855,4792.305,9067.24,12,0.2669049653559195,1,0.162094008617239
582,C1071,7403.76,8.909878315643244,4354.5230769230775,8528.2,13,1.7002458981642428,1,0.16009687094656438
586,C1009,7250.37,8.888945695514227,5249.364545454546,9876.56,11,1.3811900349496846,1,0.2036425600626966
591,C1097,2836.3,7.950608174724006,5611.7809090909095,9330.36,11,0.5054188761013965,1,0.19138574195667546
594,C1084,3075.07,8.03140808719365,4001.246,9211.85,10,0.7685281034957611,1,0.20131797156992004
596,C1010,8140.28,9.00470269479164,4498.433333333333,8140.28,9,1.809581113424673,1,0.1557226973047227
598,C1097,9330.36,9.141136049563633,5611.7809090909095,9330.36,11,1.6626379666542417,1,0.17617848645261608
599,C1011,9810.61,9.19132165734017,5951.5075,9810.61,8,1.6484243697920236,1,0.1355922525545138
601,C1017,1223.22,7.110059185483323,5446.542857142857,9662.91,7,0.2245865004799899,1,0.14162359986223538
602,C1070,7394.68,8.908651324940376,6154.828181818182,9486.61,11,1.201443774148632,1,0.1909051621575692
604,C1004,4112.52,8.32203438863679,6327.619090909091,9731.18,11,0.6499316632236081,1,0.17686880113907316
606,C1021,4068.19,8.311199241431073,5678.83125,9757.58,8,0.7163780399355941,1,0.19250983010885414
611,C1002,9747.25,9.184843060702654,81359.356,750000.0,10,0.1198049060270339,-1,-0.1390784707792213
615,C1006,6644.59,8.801708755768704,6649.928,8374.41,5,0.9991972845420282,1,0.08943984321804377
617,C1024,2897.02,7.9717830241680625,5167.605714285715,8413.34,7,0.5606116565726487,1,0.1712058860312618
621,C1085,3560.82,8.178026929164554,5215.24125,8005.24,8,0.6827718660186621,1,0.18476281576783232
624,C1043,3029.1,8.016350901259148,5631.042222222222,9788.6,9,0.5379288381191719,1,0.19106908154574126
625,C1091,6676.01,8.806425561535345,4808.191818181818,9368.84,11,1.3884658209256893,1,0.21089967912417978
630,C1087,5912.32,8.684962712401488,4560.190625,9756.96,16,1.2965072046741466,1,0.15707831015605667
631,C1097,5204.72,8.55751330001282,5611.7809090909095,9330.36,11,0.927463150168339,1,0.20912850510593478
633,C1024,4070.45,8.311754480345472,5167.605714285715,8413.34,7,0.7876858694438207,1,0.17887015747438118
635,C1061,2533.48,7.837743766778487,5766.68,9886.73,10,0.4393307761138124,1,0.18059929126262536
637,C1002,9827.14,9.193004978553857,81359.356,750000.0,10,0.1207868459529104,-1,-0.14000755324409775
643,C1094,8023.52,8.990257133125231,4499.112857142857,8718.84,7,1.7833560203455985,1,0.15722582129657114
644,C1018,8574.44,9.05665758267108,5248.64,8985.31,10,1.6336498597731983,1,0.1935093301857097
645,C1034,8095.92,8.99923902143476,4935.611,8095.92,10,1.6403075526008837,1,0.17266395421560998
646,C1059,8327.45,9.02743264341712,7028.583333333333,9774.57,6,1.184797789976643,1,0.12006340167345653
647,C1086,8521.18,9.05042745563919,4640.49125,8719.34,16,1.8362667961069847,1,0.12371160884794957
648,C1087,1626.05,7.394523838154337,4560.190625,9756.96,16,0.3565750061161094,1,0.13351717601369717
649,C1098,2994.22,8.004772963611407,5336.942857142857,9110.41,7,0.5610365484787974,1,0.1779337204859811
650,C1069,4149.79,8.331053956554086,6014.573333333333,8870.28,9,0.6899558405916297,1,0.1919571349098595
651,C1019,9018.94,9.107192961149844,3016.2025000000003,9018.94,8,2.990163956166736,1,0.04599450515053305
653,C1009,1102.32,7.006079095037834,5249.364545454546,9876.56,11,0.2099911313940856,1,0.16048097126601357
659,C1007,4639.55,8.442588172678404,5566.350666666666,9837.03,15,0.833499410625226,1,0.15911887047959034
660,C1099,1397.98,7.243498678637632,5882.338,8755.63,10,0.2376572036492973,1,0.1483599442874583
664,C1012,4855.22,8.4880156364907,3703.6550000000007,9166.13,18,1.3109266386852985,1,0.09991105953913648
666,C1002,5713.76,8.650807580596451,81359.356,750000.0,10,0.0702286778179512,-1,-0.12425881323624444
670,C1030,998.53,6.907285168497517,5110.168,9238.55,10,0.1954006208797832,1,0.16542901462674975
675,C1086,6467.73,8.77473507765556,4640.49125,8719.34,16,1.393759766274745,1,0.15780583895444683
677,C1007,9480.99,9.157149488831683,5566.350666666666,9837.03,15,1.7032685448251794,1,0.12142845445057643
678,C1082,5577.28,8.626635764130896,4236.89,9239.9,7,1.3163617653514723,1,0.17263360208579875
689,C1082,6481.33,8.77683529261851,4236.89,9239.9,7,1.529737614146225,1,0.16329602029612744
690,C1004,5897.24,8.682409280307253,6327.619090909091,9731.18,11,0.9319840393794536,1,0.18923419046117312
695,C1003,9852.61,9.195593164484274,4258.298333333333,9852.61,6,2.3137434789092204,1,0.051535934683135554
697,C1093,8606.02,9.060333428336795,5020.352142857143,9724.73,14,1.7142263640299564,1,0.15728810187983694
704,C1025,548.48,6.308972376457004,3908.8163636363633,9574.84,11,0.1403186921500068,1,0.14307653889963817
708,C1040,3258.2,8.089237045472542,4365.485000000001,9017.49,16,0.7463546432985108,1,0.15865946092742478
714,C1021,3848.84,8.255786867976695,5678.83125,9757.58,8,0.677752134297,1,0.189757458046654
716,C1012,522.23,6.260021137948687,3703.6550000000007,9166.13,18,0.1410039542019977,1,0.06397616918035998
717,C1077,3226.79,8.07955297151154,3336.4146153846154,8958.28,13,0.9671429879011072,1,0.1599204036244431
718,C1058,6201.24,8.732665796106131,4589.3133333333335,8872.59,9,1.351234825253451,1,0.20553193462158065
723,C1032,1396.1,7.2421539386564415,4781.380909090909,8800.82,11,0.2919867767375685,1,0.17512737702490583
728,C1080,1643.13,7.40496664791562,5252.084545454545,9562.84,11,0.3128529226404131,1,0.17869765051840414
733,C1013,8683.45,9.06928934909365,5404.96125,9601.16,8,1.6065702598700409,1,0.18367833667070582
734,C1054,7620.12,8.938678619507247,5577.102857142857,7997.02,7,1.3663222994427215,1,0.15885567549598362
737,C1064,4503.13,8.412750032635673,5247.81375,9353.4,16,0.8580963834701641,1,0.17160015549677865
742,C1026,1354.66,7.212043699597321,3868.727142857143,8996.06,7,0.3501565114255003,1,0.14309971937484556
743,C1004,9731.18,9.18319319941671,6327.619090909091,9731.18,11,1.5378896643732578,1,0.15043066559299378
747,C1036,5630.51,8.636132891212002,4926.597777777777,8819.61,9,1.1428799861432437,1,0.21322880683061962
749,C1096,4696.56,8.454798503957512,4606.570909090909,8962.25,11,1.0195349409973264,1,0.21043799981728978
751,C1051,2988.81,8.002965119215151,4670.660833333333,9866.55,12,0.6399115899552401,1,0.18346066725603138
754,C1040,2939.42,7.986307707272474,4365.485000000001,9017.49,16,0.6733318291094803,1,0.15479370179942237
757,C1064,8396.56,9.035696466444548,5247.81375,9353.4,16,1.6000110522215083,1,0.14656934911359326
758,C1057,209.4,5.349010480863555,5217.679090909091,8393.37,11,0.0401327863119913,1,0.06557242046968736
760,C1100,2067.41,7.634535475165185,4901.26,8566.26,16,0.4218119422352619,1,0.12953776535261285
761,C1051,4866.19,8.490272047493502,4670.660833333333,9866.55,12,1.0418632766633842,1,0.19263791633591415
765,C1013,5883.25,8.680034568922066,5404.96125,9601.16,8,1.0884906899193774,1,0.1966956173296875
773,C1025,2774.96,7.928751912300979,3908.8163636363633,9574.84,11,0.7099233481049135,1,0.19439323471147252
777,C1039,4745.28,8.4651164323056,3958.641818181818,9996.16,11,1.1987141595395665,1,0.18079304928277956
778,C1030,3561.21,8.178136417754688,5110.168,9238.55,10,0.6968870690748328,1,0.20787648847125872
784,C1075,6793.62,8.823886401548327,7032.544,9857.36,10,0.9660259502109052,1,0.1677008768982154
786,C1022,638.4,6.460530236625741,3177.713333333333,9696.32,9,0.2008991790742609,1,0.12787125068900107
790,C1055,3752.53,8.230452009521413,4684.112142857142,8818.58,14,0.8011187361776292,1,0.1856208369698915
794,C1062,3812.78,8.246376102273294,5481.721111111111,9531.57,9,0.6955443231637104,1,0.20328837658455712
796,C1082,9239.9,9.131394562489808,4236.89,9239.9,7,2.1808213099702844,1,0.10917232506823832
797,C1073,2329.45,7.75381666095917,3618.462,8430.09,10,0.6437679876146273,1,0.18081149882443792
799,C1074,6641.59,8.801257226657723,4487.675,9739.14,8,1.479962341301453,1,0.19120420260441096
801,C1082,1227.66,7.113679423610964,4236.89,9239.9,7,0.2897549853784261,1,0.14750043296033244
802,C1065,143.35,4.972240906108944,4327.495,8471.69,8,0.0331253993361055,1,0.050890081959163336
805,C1025,2922.61,7.98057443304094,3908.8163636363633,9574.84,11,0.7476969312728476,1,0.19320350946135972
806,C1045,6722.88,8.813420647849327,5723.765555555556,9318.22,9,1.1745554451430478,1,0.20448918807772282
810,C1005,2170.91,7.683362243731223,4320.8575,8448.1,12,0.5024257337808525,1,0.16332865206384484
813,C1078,7895.83,8.974216692103655,5396.48875,7895.83,8,1.4631421218102232,1,0.16666460946148526
816,C1077,1180.94,7.074912435256319,3336.4146153846154,8958.28,13,0.3539548096194464,1,0.1353414023801679
817,C1075,5672.59,8.643577353328984,7032.544,9857.36,10,0.8066199088125151,1,0.1650553894098069
821,C1092,1403.55,7.247472245768239,4277.000909090909,9818.04,11,0.3281621935166549,1,0.1714686539770326
822,C1067,3492.75,8.158730936903408,3931.592222222224,6212.17,9,0.8883805345473547,1,0.14265794516094477
823,C1080,8077.5,8.996961490716885,5252.084545454545,9562.84,11,1.537960771593201,1,0.20132456359726858
832,C1045,6243.78,8.739501193756604,5723.765555555556,9318.22,9,1.0908518071533717,1,0.20451887187022438
833,C1058,6955.69,8.847459065494302,4589.3133333333335,8872.59,9,1.5156276102307242,1,0.1974700044891577
836,C1056,4673.76,8.449933103506607,6002.706666666667,9969.37,9,0.778608760936733,1,0.18467128395580584
838,C1099,8755.63,9.077566406716832,5882.338,8755.63,10,1.488460880690637,1,0.17478328016727945
839,C1049,8685.78,9.06955760874066,5198.52,8964.06,7,1.6708178481567837,1,0.16765515859888092
841,C1095,4346.13,8.377271136223706,4509.455555555555,9937.65,9,0.963781535588184,1,0.19086039116901654
842,C1037,2442.53,7.801198994105683,3899.558333333333,8255.79,6,0.6263606775981042,1,0.13148864481911587
846,C1007,3348.35,8.116521576142139,5566.350666666666,9837.03,15,0.601534146968343,1,0.14457863505502927
852,C1004,6241.01,8.739057524880065,6327.619090909091,9731.18,11,0.9863125308801344,1,0.1959457357488541
853,C1086,3541.6,8.172616199818496,4640.49125,8719.34,16,0.7631950604367587,1,0.16170999532342306
855,C1079,3224.08,8.078713035123755,4736.718333333333,9670.93,18,0.6806568964237195,1,0.12087691874711354
858,C1015,6636.52,8.800493678728328,4792.305,9067.24,12,1.384828386340185,1,0.19830142738454065
860,C1040,1768.57,7.478491858200587,4365.485000000001,9017.49,16,0.4051256618680398,1,0.14020651105670173
863,C1016,5000.65,8.517523136978213,4916.9766666666665,9399.49,12,1.0170172321338382,1,0.20413778456297627
867,C1083,2030.01,7.616288485251178,4036.3981818181824,9773.86,11,0.5029261010829186,1,0.1803365210026751
870,C1067,3305.74,8.103718088784248,3931.592222222224,6212.17,9,0.8408145639609397,1,0.14843026956308053
872,C1026,5530.19,8.618158261239778,3868.727142857143,8996.06,7,1.429459818640978,1,0.16023313322054322
875,C1035,2652.44,7.883612190367305,7577.179090909091,9644.2,11,0.3500563954179637,1,0.12863545203396531
876,C1085,8005.24,8.987976516620064,5215.24125,8005.24,8,1.5349702183000642,1,0.1738935663911365
877,C1005,6809.81,8.82626633480171,4320.8575,8448.1,12,1.5760320723374932,1,0.17654662603279303
880,C1092,6241.7,8.739168060086843,4277.000909090909,9818.04,11,1.4593637300223756,1,0.19506762177765963
881,C1063,8891.36,9.092947760094518,7277.253333333333,9382.16,9,1.2218016321176122,1,0.13601830248722507
887,C1041,3710.97,8.219318011976881,5640.422222222222,9327.78,9,0.6579241506742993,1,0.19837406868513097
890,C1083,9773.86,9.187569062500362,4036.3981818181824,9773.86,11,2.421431077842126,1,0.0864400497509974
895,C1041,6715.96,8.81239095020968,5640.422222222222,9327.78,9,1.1906839125518578,1,0.20698931882898086
899,C1064,4628.86,8.440281909042122,5247.81375,9353.4,16,0.8820549319228411,1,0.16986686385217042
900,C1092,9818.04,9.19207863689559,4277.000909090909,9818.04,11,2.295543117405336,1,0.09884197415603502
904,C1013,4286.12,8.363370457808738,5404.96125,9601.16,8,0.7929973596017917,1,0.19553069485768476
911,C1079,5471.41,8.607474383396092,4736.718333333333,9670.93,18,1.155105626926659,1,0.12591752323963218
912,C1007,8518.41,9.05010236859926,5566.350666666666,9837.03,15,1.5303401654177735,1,0.1438943234710982
913,C1082,4317.96,8.370769911514712,4236.89,9239.9,7,1.019134317860506,1,0.17742794288484387
917,C1035,9644.2,9.17421566125755,7577.179090909091,9644.2,11,1.27279557263875,1,0.11532722772669701
918,C1027,7028.73,8.857903577239268,6337.765714285714,9016.94,7,1.1090233241277456,1,0.15576899486430423
919,C1069,8231.32,9.015823149450297,6014.573333333333,8870.28,9,1.3685625802218169,1,0.18465702236068582
924,C1002,8374.92,9.033116201406385,81359.356,750000.0,10,0.1029373929655982,-1,-0.13612157612761666
926,C1047,3892.85,8.267153664388967,4385.52,7846.68,7,0.8876598442145972,1,0.16948461551297528
929,C1002,9135.74,9.120058926864298,81359.356,750000.0,10,0.1122887452550632,-1,-0.1324418609518171
932,C1065,5744.44,8.656161775687805,4327.495,8471.69,8,1.3274284545678272,1,0.18442344215371403
938,C1100,5297.07,8.575097882277761,4901.26,8566.26,16,1.080756784989982,1,0.1551890677332658
941,C1074,5684.65,8.645700735620633,4487.675,9739.14,8,1.2667249745135285,1,0.19116516061959965
947,C1085,5076.84,8.532641253300321,5215.24125,8005.24,8,0.9734621576710376,1,0.18961197193156004
951,C1038,7239.92,8.887503549130026,3299.764545454546,8865.4,11,2.194071698228606,1,0.112090580166195
955,C1036,3567.36,8.17986138547114,4926.597777777777,8819.61,9,0.7241021412568241,1,0.20955963547018747
956,C1100,7492.05,8.92173120323675,4901.26,8566.26,16,1.5285967281882618,1,0.1455359579448678
961,C1071,5794.43,8.664824954919215,4354.5230769230775,8528.2,13,1.3306692599030538,1,0.1741409977543794
962,C1063,7805.36,8.962694065047625,7277.253333333333,9382.16,9,1.0725695042451917,1,0.1536058687748652
966,C1068,9461.27,9.155067590977378,5260.007500000001,9461.27,8,1.7987179676074605,1,0.16100418314908826
974,C1093,180.81,5.202962185731182,5020.352142857143,9724.73,14,0.0360154018791795,1,0.060536338165030346
978,C1034,7874.55,8.971518302524887,4935.611,8095.92,10,1.5954559627977165,1,0.17582764776438803
980,C1009,1984.51,7.593631087073355,5249.364545454546,9876.56,11,0.3780476632582887,1,0.1834278118398342
981,C1049,2243.82,7.716380618788194,5198.52,8964.06,7,0.4316266937512985,1,0.17236865999908085
984,C1029,831.72,6.724697451207213,1521.0400000000002,3519.08,7,0.5468100773155209,1,0.0052831766152121595
985,C1098,3828.64,8.250526082978837,5336.942857142857,9110.41,7,0.717384484429288,1,0.18259118584993594
987,C1088,4262.49,8.35784335268856,4964.531666666667,9431.24,6,0.8585885409130568,1,0.15885888548042454
990,C1044,5242.74,8.564790263181516,4062.351111111112,7154.07,9,1.290567914147144,1,0.1612634991786691
992,C1023,6577.0,8.791486026749002,5220.455,9934.09,8,1.2598518711491622,1,0.19128737767876675
995,C1035,7885.97,8.972967309663103,7577.179090909091,9644.2,11,1.0407527531533982,1,0.14557893341563427
996,C1014,536.93,6.287728440172383,3020.4777777777776,6660.99,9,0.1777632677685281,1,0.06973312902374906
999,C1015,2699.54,7.901207031995087,4792.305,9067.24,12,0.5633072185514069,1,0.18981849618201024
2,C1051,4493.48,8.410605256120363,4670.660833333333,9866.55,12,0.9620651467413692,1,0.19024219472293086
4,C1077,398.91,5.991239521791685,3336.4146153846154,8958.28,13,0.1195624782844965,1,0.09391187473441787
5,C1037,8255.79,9.018791171128036,3899.558333333333,8255.79,6,2.11710898883848,1,0.07999658974577029
6,C1087,1463.37,7.289180394830281,4560.190625,9756.96,16,0.32090105882361,1,0.13102933527756805
8,C1084,725.83,6.588692612500091,4001.246,9211.85,10,0.1814009935904965,1,0.15375179541288858
12,C1096,155.37,5.052224993855419,4606.570909090909,8962.25,11,0.0337279080396619,1,0.07791903909655495
14,C1071,4041.24,8.304554272747113,4354.5230769230775,8528.2,13,0.9280557086530714,1,0.177453015588234
15,C1027,5826.86,8.670405145063626,6337.765714285714,9016.94,7,0.919387093603965,1,0.1590016956209706
17,C1088,4216.08,8.346898224398961,4964.531666666667,9431.24,6,0.8492402270909072,1,0.15849208275331722
27,C1023,9934.09,9.203828213827624,5220.455,9934.09,8,1.9029165082353927,1,0.1137089405634179
31,C1022,9696.32,9.179604837656935,3177.713333333333,9696.32,9,3.051351391042196,1,0.03648853062090418
32,C1012,1496.67,7.311665846083971,3703.6550000000007,9166.13,18,0.404106213996714,1,0.09042893751739223
35,C1095,6435.67,8.769766604620706,4509.455555555555,9937.65,9,1.4271501117405156,1,0.192439335427321
37,C1020,7141.77,8.873855935280549,3496.548181818181,9070.37,11,2.04252011659291,1,0.12754241501150304
45,C1012,3055.34,8.024973400642363,3703.6550000000007,9166.13,18,0.8249526481273227,1,0.11086019259681723
48,C1076,9503.1,9.159478563432591,5563.6362500000005,9503.1,8,1.708073564298888,1,0.1585233467075891
49,C1058,2747.89,7.918952472813896,4589.3133333333335,8872.59,9,0.5987584199233872,1,0.1971563575472769
52,C1077,1125.21,7.026613292198607,3336.4146153846154,8958.28,13,0.3372512501328579,1,0.13013022020757925
53,C1084,2585.74,7.85815367462275,4001.246,9211.85,10,0.6462336982030097,1,0.2002789885262154
56,C1061,9473.94,9.156405697476751,5766.68,9886.73,10,1.6428759702289706,1,0.1603312175268492
63,C1048,2172.24,7.683974420545159,3088.6,7022.42,8,0.7033089425629735,1,0.12542905863909515
64,C1025,2114.67,7.657126826184622,3908.8163636363633,9574.84,11,0.5410000888434491,1,0.17815289774750048
66,C1033,4551.18,8.423361518082357,5039.013,8413.84,10,0.9031887792311708,1,0.20724891108085924
79,C1077,5283.67,8.572565455484439,3336.4146153846154,8958.28,13,1.5836371102189617,1,0.1465029045951064
81,C1040,6025.18,8.703868589805033,4365.485000000001,9017.49,16,1.3801857067427787,1,0.1578075210696971
83,C1055,6995.5,8.853165302995768,4684.112142857142,8818.58,14,1.4934527156160256,1,0.17783652188615406
86,C1035,9067.3,9.112540094450267,7577.179090909091,9644.2,11,1.196659058894189,1,0.1292581787853051
88,C1080,6457.35,8.77312914619527,5252.084545454545,9562.84,11,1.2294832545276828,1,0.21351438590513772
94,C1051,7013.02,8.855666282136035,4670.660833333333,9866.55,12,1.501504872704487,1,0.18695885122054395
97,C1071,4503.7,8.412876575150241,4354.5230769230775,8528.2,13,1.0342579245629653,1,0.17970706511022666
98,C1040,3821.27,8.248599765947146,4365.485000000001,9017.49,16,0.875336875513259,1,0.16435354130180746
99,C1004,2658.91,7.886047566616876,6327.619090909091,9731.18,11,0.4202070260234317,1,0.1683285226761771
100,C1003,5739.56,8.65531204553046,4258.298333333333,9852.61,6,1.3478529569127575,1,0.1387552260359909
102,C1024,4561.52,8.425630381442783,5167.605714285715,8413.34,7,0.8827144043497347,1,0.18181135120174974
105,C1099,2437.24,7.799031746541551,5882.338,8755.63,10,0.4143318524029051,1,0.1806110058705775
107,C1014,4564.81,8.426351214309793,3020.4777777777776,6660.99,9,1.5112873975051777,1,0.11229902720807872
109,C1054,7987.83,8.985799594996655,5577.102857142857,7997.02,7,1.432254380922814,1,0.15857365026145803
110,C1077,494.56,6.205688436247538,3336.4146153846154,8958.28,13,0.1482309775648156,1,0.10483817365038234
111,C1062,1073.34,6.979461798526772,5481.721111111111,9531.57,9,0.1958034672403172,1,0.1575759646162368
115,C1018,2396.67,7.782252711438792,5248.64,8985.31,10,0.4566268595293257,1,0.19624516211668797
117,C1096,7249.22,8.888787092215912,4606.570909090909,8962.25,11,1.5736694697771645,1,0.20161774066107513
123,C1095,707.55,6.563220628270879,4509.455555555555,9937.65,9,0.1569036419769817,1,0.14415826023856249
131,C1067,6212.17,8.7344265116723,3931.592222222224,6212.17,9,1.580064678347732,1,0.13082900027026828
136,C1048,2779.97,7.930555066689264,3088.6,7022.42,8,0.9000744673962313,1,0.12434938405287543
139,C1086,3361.36,8.120398387355573,4640.49125,8719.34,16,0.7243543450275873,1,0.16143354294128648
140,C1021,7947.37,8.980722155180016,5678.83125,9757.58,8,1.399472822862979,1,0.18966414298415485
142,C1038,2257.01,7.722239173397764,3299.764545454546,8865.4,11,0.6839912269222514,1,0.17949695210534294
143,C1093,6579.27,8.791831056912166,5020.352142857143,9724.73,14,1.3105196234811645,1,0.1838994205988388
148,C1032,6171.21,8.727812237531577,4781.380909090909,8800.82,11,1.2906752499610703,1,0.21514758834315612
149,C1098,8293.65,9.023366007641522,5336.942857142857,9110.41,7,1.5540076448260909,1,0.17977078055955198
150,C1045,2227.84,7.709236549741742,5723.765555555556,9318.22,9,0.3892262844060117,1,0.18214688697605008
151,C1098,432.11,6.070991737309833,5336.942857142857,9110.41,7,0.0809658284839367,1,0.09931974864735105
153,C1079,2311.0,7.7458682297922685,4736.718333333333,9670.93,18,0.4878905261765265,1,0.10995664476442318
156,C1038,738.17,6.60552793508832,3299.764545454546,8865.4,11,0.2237038400260514,1,0.13805785158365563
160,C1076,7727.91,8.952723122583128,5563.6362500000005,9503.1,8,1.3890034597427177,1,0.19602357384902735
161,C1037,7453.25,8.916539618516225,3899.558333333333,8255.79,6,1.911306194932332,1,0.10411213921488971
163,C1029,3519.08,8.166238995606609,1521.0400000000002,3519.08,7,2.3136012202177456,-1,-0.02047093608425321
165,C1071,5744.64,8.656196585296652,4354.5230769230775,8528.2,13,1.3192351719167337,1,0.17455613975511053
169,C1030,1618.74,7.390020921518757,5110.168,9238.55,10,0.3167684506654185,1,0.17869324881819898
170,C1066,4791.62,8.474832513729957,3139.325714285714,6024.31,7,1.5263213938570976,1,0.08602115348826223
177,C1051,6683.22,8.807504803596117,4670.660833333333,9866.55,12,1.4308938795777115,1,0.19048439861591565
184,C1008,9704.91,9.180490257307293,5705.191428571428,9704.91,7,1.7010664973305016,1,0.13879736802556492
185,C1093,2097.81,7.649125796428612,5020.352142857143,9724.73,14,0.4178611261332977,1,0.16304091329464432
186,C1019,2721.33,7.909243410249598,3016.2025000000003,9018.94,8,0.9022371674315632,1,0.14893381365915875
190,C1011,9139.71,9.120493341956385,5951.5075,9810.61,8,1.5356966281232107,1,0.16624723226651333
191,C1046,8533.99,9.051929463581692,7408.965454545454,9573.38,11,1.1518463748220522,1,0.14879854328546294
192,C1090,2238.2,7.713873938201243,5317.264375,9237.28,16,0.4209307347069798,1,0.14664851868112688
200,C1070,7843.89,8.967617643398976,6154.828181818182,9486.61,11,1.2744287522390034,1,0.18856137847819332
201,C1062,6771.57,8.820635909823148,5481.721111111111,9531.57,9,1.2352999838453007,1,0.2056943998451734
204,C1009,8226.61,9.015250850524534,5249.364545454546,9876.56,11,1.567163021117188,1,0.19385232286108273
208,C1012,2382.86,7.776476301628655,3703.6550000000007,9166.13,18,0.6433806604556849,1,0.10330375660560204
212,C1007,9134.52,9.119925391110996,5566.350666666666,9837.03,15,1.641024891712416,1,0.12778018449188744
216,C1000,290.45,5.674868464491559,3568.2321428571427,9240.38,14,0.0813988519725154,1,0.07858246406157521
217,C1018,8545.36,9.053260740287485,5248.64,8985.31,10,1.6281093769052557,1,0.1932291474347152
223,C1069,7527.65,8.926471021852318,6014.573333333333,8870.28,9,1.2515684127219886,1,0.19241401885891568
224,C1032,717.67,6.577402281568945,4781.380909090909,8800.82,11,0.1500968054303064,1,0.15625520119643016
226,C1034,2181.86,7.688391222564865,4935.611,8095.92,10,0.4420648223695101,1,0.17874326526056222
228,C1070,6981.25,8.851126493383159,6154.828181818182,9486.61,11,1.1342721183709286,1,0.1898980839513344
231,C1055,3896.62,8.268121389425248,4684.112142857142,8818.58,14,0.8318801687833204,1,0.18815153731979295
233,C1090,4519.54,8.41638673471697,5317.264375,9237.28,16,0.8499746638984826,1,0.16970482464119147
236,C1046,7191.12,8.880741261218043,7408.965454545454,9573.38,11,0.9705970481463368,1,0.15095556723394565
237,C1038,8865.4,9.090024130461444,3299.764545454546,8865.4,11,2.686676542486089,1,0.07211297392080673
238,C1033,2198.69,7.69607172032688,5039.013,8413.84,10,0.4363334645098157,1,0.18355282352004004
239,C1005,1406.11,7.249293234584393,4320.8575,8448.1,12,0.3254238308021034,1,0.15190068616209046
243,C1050,8515.43,9.049752517927924,4920.444444444444,9646.04,9,1.7306221208562913,1,0.18467910016758798
244,C1097,5607.41,8.632022535885113,5611.7809090909095,9330.36,11,0.9992211190775768,1,0.2097599057026121
245,C1002,8039.34,8.99222664983609,81359.356,750000.0,10,0.0988127290486419,-1,-0.13414607522202537
255,C1046,8988.17,9.103775798398129,7408.965454545454,9573.38,11,1.2131477809072104,1,0.1336686108062235
256,C1017,9238.58,9.131251709057189,5446.542857142857,9662.91,7,1.6962282758656866,1,0.15864580679116042
257,C1090,4080.14,8.314131640134717,5317.264375,9237.28,16,0.7673381860009547,1,0.1659787452654241
258,C1040,4308.86,8.368660699971615,4365.485000000001,9017.49,16,0.9870289326386412,1,0.1675122086208582
268,C1062,7688.92,8.94766565932464,5481.721111111111,9531.57,9,1.4026470599562304,1,0.20235855838625566
269,C1027,8179.58,9.009518331728652,6337.765714285714,9016.94,7,1.290609399076195,1,0.16096622984952075
272,C1084,8087.92,8.998250502995008,4001.246,9211.85,10,2.0213503493661724,1,0.153729749004404
273,C1062,8837.12,9.086829463331028,5481.721111111111,9531.57,9,1.6121068220868997,1,0.1860375356213526
276,C1032,3903.99,8.270010501451045,4781.380909090909,8800.82,11,0.8164984288487217,1,0.21376143681688103
277,C1008,919.05,6.824428016392384,5705.191428571428,9704.91,7,0.1610901249338321,1,0.13332891591308926
282,C1070,6953.59,8.8471571522245,6154.828181818182,9486.61,11,1.129778085526647,1,0.191311768665813
283,C1056,3838.96,8.253217228860851,6002.706666666667,9969.37,9,0.639538163894954,1,0.17931965898190227
291,C1033,3627.0,8.196436811235028,5039.013,8413.84,10,0.7197838148065901,1,0.2038439383595777
295,C1081,7484.92,8.920779201792257,5991.906363636364,9147.69,11,1.2491717236144455,1,0.1971818420869499
296,C1081,8009.0,8.988446040062405,5991.906363636364,9147.69,11,1.336636374794666,1,0.19280804640154287
297,C1018,8985.31,9.103457587143229,5248.64,8985.31,10,1.7119310907206435,1,0.17994456554531668
298,C1070,511.71,6.23971038318302,6154.828181818182,9486.61,11,0.0831396076192068,1,0.10942124963003097
306,C1010,2516.15,7.830882588115281,4498.433333333333,8140.28,9,0.5593391773432232,1,0.18810001102524254
307,C1089,9258.76,9.133433409377783,6255.949,9690.93,10,1.4799928835736993,1,0.1687898102551808
308,C1054,7997.02,8.986949290028793,5577.102857142857,7997.02,7,1.4339021898722637,1,0.15857365026145803
310,C1097,7795.99,8.961493040764209,5611.7809090909095,9330.36,11,1.3892185255077831,1,0.20247659166446264
312,C1039,7222.69,8.88512118166221,3958.641818181818,9996.16,11,1.8245373872489783,1,0.15874973839690532
323,C1089,3031.42,8.017116259596357,6255.949,9690.93,10,0.4845659707264238,1,0.17600593817576615
331,C1016,4233.55,8.351032344061455,4916.9766666666665,9399.49,12,0.8610067297451754,1,0.1996352041706771
336,C1012,1363.3,7.218396755568828,3703.6550000000007,9166.13,18,0.3680958404603019,1,0.08883526206544246
339,C1092,3791.98,8.24090726880392,4277.000909090909,9818.04,11,0.8865978943188951,1,0.19687401371084184
342,C1097,8355.77,9.030827267784725,5611.7809090909095,9330.36,11,1.488969390530538,1,0.1990527168284686
343,C1064,561.14,6.331750929191152,5247.81375,9353.4,16,0.1069283375386559,1,0.09518513839654708
346,C1004,9617.22,9.17141449535434,6327.619090909091,9731.18,11,1.5198797307216372,1,0.15849859929854165
347,C1066,4033.35,8.302600477269099,3139.325714285714,6024.31,7,1.284782264435311,1,0.09138773781230658
351,C1064,1310.45,7.17888867429501,5247.81375,9353.4,16,0.2497135116504468,1,0.126718423358675
353,C1032,7836.37,8.96665859788176,4781.380909090909,8800.82,11,1.638934472905222,1,0.19414890514343824
355,C1040,3329.41,8.110850698518583,4365.485000000001,9017.49,16,0.7626666911007596,1,0.16050022470378994
356,C1004,7617.43,8.9383255907068,6327.619090909091,9731.18,11,1.20383826689947,1,0.19096601799297275
358,C1038,2094.78,7.6476810780999935,3299.764545454546,8865.4,11,0.6348271130088896,1,0.1722251978804688
359,C1042,6267.0,8.74321260347591,5305.743636363636,8637.23,11,1.1811727873635398,1,0.20677733339081494
361,C1043,7395.72,8.908791937687695,5631.042222222222,9788.6,9,1.3133838653906185,1,0.20081005584315437
364,C1001,6799.34,8.82472788991424,88469.96499999998,500000.0,6,0.0768547834284777,-1,-0.13208392206756292
365,C1089,4701.24,8.455794269907152,6255.949,9690.93,10,0.7514831083181784,1,0.18924474686755427
366,C1096,7424.83,8.912719741935263,4606.570909090909,8962.25,11,1.6117911015648003,1,0.1991146160648416
368,C1072,1933.29,7.56749561306581,3519.8770000000004,7597.02,10,0.549249306154732,1,0.1501963683275117
374,C1008,6162.54,8.726406566789612,5705.191428571428,9704.91,7,1.0801635803381082,1,0.18284554366561245
375,C1055,1776.24,7.482816878123345,4684.112142857142,8818.58,14,0.3792052678987648,1,0.1565020079343286
376,C1081,3206.74,8.073321918320342,5991.906363636364,9147.69,11,0.5351785901497126,1,0.1814578414369764
379,C1050,7719.92,8.95168880690298,4920.444444444444,9646.04,9,1.5689477012013369,1,0.19820648400318097
380,C1000,9240.38,9.131446504133384,3568.2321428571427,9240.38,14,2.589624113581656,1,0.06139584367173745
383,C1079,938.65,6.84550746550261,4736.718333333333,9670.93,18,0.1981646224126337,1,0.08312574762062241
386,C1012,508.11,6.2326641032217625,3703.6550000000007,9166.13,18,0.1371915040682784,1,0.06305592348905997
391,C1027,9016.94,9.10697120559895,6337.765714285714,9016.94,7,1.4227316701965271,1,0.13631820423099977
395,C1073,742.1,6.610830625163423,3618.462,8430.09,10,0.2050871337048724,1,0.1364782306560382
397,C1090,5125.58,8.54219404917711,5317.264375,9237.28,16,0.9639505652754008,1,0.16567110030319626
398,C1003,4152.42,8.331687370229302,4258.298333333333,9852.61,6,0.9751359991608542,1,0.14038990785658195
400,C1100,1772.52,7.480721551285698,4901.26,8566.26,16,0.3616457808808347,1,0.12327703818865104
402,C1087,1983.59,7.593167622668695,4560.190625,9756.96,16,0.4349796232476575,1,0.14073454015360926
403,C1000,2385.95,7.777771679324302,3568.2321428571427,9240.38,14,0.6686644546869448,1,0.15742767405345104
408,C1042,8607.84,9.060544861283717,5305.743636363636,8637.23,11,1.6223625923056284,1,0.17581938521163543
417,C1044,6836.66,8.830200846822082,4062.351111111112,7154.07,9,1.682931832578616,1,0.1438528735045877
419,C1073,5580.99,8.627300622622073,3618.462,8430.09,10,1.5423652369432093,1,0.1698583141980718
420,C1084,1812.32,7.502914698213669,4001.246,9211.85,10,0.4529389095296814,1,0.17729914790150142
422,C1042,8637.23,9.063952979700089,5305.743636363636,8637.23,11,1.6279018723791268,1,0.17520673372322276
423,C1049,8964.06,9.101090078710646,5198.52,8964.06,7,1.72434846841024,1,0.1544179376775765
425,C1094,1106.25,7.009634742803308,4499.112857142857,8718.84,7,0.2458818071753193,1,0.1450381690482087
428,C1084,1283.88,7.158420607754642,4001.246,9211.85,10,0.3208700489797428,1,0.16861097152221266
433,C1084,9211.85,9.128354527634809,4001.246,9211.85,10,2.3022453505732963,1,0.11771629738072448
441,C1069,3404.3,8.133088320429403,6014.573333333333,8870.28,9,0.5660085614274663,1,0.1838960036950662
442,C1049,1958.63,7.58051095889402,5198.52,8964.06,7,0.3767668490262614,1,0.1661571041702834
444,C1007,7142.19,8.873914734269224,5566.350666666666,9837.03,15,1.283100980822145,1,0.15764128943114986
452,C1088,2767.37,7.926013978324684,4964.531666666667,9431.24,6,0.5574282099117104,1,0.1444183404438074
461,C1067,5094.61,8.536134663711138,3931.592222222224,6212.17,9,1.2958134292778751,1,0.13605578458318396
463,C1033,4277.72,8.361409178426301,5039.013,8413.84,10,0.8489202151294312,1,0.2043960435054371
466,C1072,5901.05,8.683055027171507,3519.8770000000004,7597.02,10,1.6764932410990496,1,0.1353519558582209
467,C1015,9067.24,9.112533477973257,4792.305,9067.24,12,1.892041512382872,1,0.15254658878983257
471,C1036,3136.18,8.051079586206626,4926.597777777777,8819.61,9,0.6365812963555196,1,0.2052174408774895
476,C1039,239.73,5.483675973499488,3958.641818181818,9996.16,11,0.0605586489029984,1,0.07964684295262314
477,C1000,7427.56,8.91308731004553,3568.2321428571427,9240.38,14,2.0815798139334705,1,0.10801032194360849
480,C1053,4729.12,8.461705851143025,5294.12,9965.44,14,0.8932778252098554,1,0.17311079216599862
483,C1066,895.79,6.798821720937529,3139.325714285714,6024.31,7,0.2853447146065943,1,0.0741079293288196
495,C1076,1294.89,7.166952996766793,5563.6362500000005,9503.1,8,0.2327416714203772,1,0.15438108404910117
505,C1060,3525.28,8.167998769901427,4820.861111111111,9622.87,9,0.731255250617974,1,0.20701732207988904
513,C1048,1371.0,7.22402480828583,3088.6,7022.42,8,0.4438904357961536,1,0.10967854669763077
516,C1078,5760.04,8.6588732929473,5396.48875,7895.83,8,1.0673681104217996,1,0.1808281588378235
517,C1011,557.51,6.325272523451916,5951.5075,9810.61,8,0.0936754259320012,1,0.11188730177635908
527,C1056,9969.37,9.207372973601275,6002.706666666667,9969.37,9,1.6608124557144222,1,0.11611142334530039
533,C1086,7036.23,8.858969905814975,4640.49125,8719.34,16,1.5162683476668553,1,0.15322973062700018
534,C1055,3996.08,8.293319373522284,4684.112142857142,8818.58,14,0.8531136484624241,1,0.1879767524851021
537,C1078,5002.46,8.517884952094638,5396.48875,7895.83,8,0.926984235814445,1,0.17966988104041154
541,C1072,4661.16,8.447234139041104,3519.8770000000004,7597.02,10,1.324239454958227,1,0.1563850485100684
542,C1062,8558.15,9.054756165139889,5481.721111111111,9531.57,9,1.561215871171037,1,0.1916295242222532
548,C1065,8471.69,9.044603328724005,4327.495,8471.69,8,1.957642931996456,1,0.14103427122272622
549,C1079,1438.18,7.271828785930537,4736.718333333333,9670.93,18,0.3036237113529022,1,0.09696058796540885
559,C1001,4315.29,8.370151515965055,88469.96499999998,500000.0,6,0.0487768928132841,-1,-0.11643552815462532
561,C1099,5723.89,8.652578614264051,5882.338,8755.63,10,0.97306377158198,1,0.19596012109197714
565,C1060,6271.83,8.743982887458522,4820.861111111111,9622.87,9,1.3009771191177233,1,0.20907089570296544
567,C1040,3472.78,8.152998617219493,4365.485000000001,9017.49,16,0.7955084028464191,1,0.16501202949028032
568,C1061,4994.98,8.516388868034893,5766.68,9886.73,10,0.8661795001630053,1,0.19791736290021955
575,C1100,7111.18,8.869564086209797,4901.26,8566.26,16,1.450888138968347,1,0.14730140123068258
577,C1000,138.14,4.935480620495495,3568.2321428571427,9240.38,14,0.0387138488947608,1,0.04694409954320389
578,C1053,7614.26,8.937909407884941,5294.12,9965.44,14,1.438248471889568,1,0.1694615458177428
580,C1011,8677.65,9.068621265604442,5951.5075,9810.61,8,1.458059155600493,1,0.1741089480152036
583,C1049,7636.42,8.94081512879324,5198.52,8964.06,7,1.4689603964205198,1,0.18236540112699257
585,C1040,816.63,6.706409911535573,4365.485000000001,9017.49,16,0.187065125638961,1,0.11121871411762246
587,C1031,8320.76,9.026629049905686,6461.551,9870.47,10,1.2877341678491745,1,0.17652513227484146
593,C1067,5820.03,8.669232501012106,3931.592222222224,6212.17,9,1.4803239173950726,1,0.13192439756384838
597,C1069,6093.18,8.715089496359193,6014.573333333333,8870.28,9,1.0130693670706483,1,0.19792164292480746
603,C1025,1179.7,7.073862761913064,3908.8163636363633,9574.84,11,0.301804917461645,1,0.16180054237915903
607,C1005,3973.82,8.287734743044258,4320.8575,8448.1,12,0.919683187885738,1,0.18586317013395398
609,C1000,6703.13,8.810479033382023,3568.2321428571427,9240.38,14,1.878557709149689,1,0.12711272740162577
610,C1046,9573.38,9.166846059994125,7408.965454545454,9573.38,11,1.292134517124339,1,0.12279777831224109
613,C1099,8251.9,9.018319932713265,5882.338,8755.63,10,1.4028265631794703,1,0.18314083430365602
616,C1058,6727.97,8.814177364863623,4589.3133333333335,8872.59,9,1.4660079866704825,1,0.20003753493377802
618,C1087,935.48,6.842128165542911,4560.190625,9756.96,16,0.2051405471673676,1,0.11520068417989521
620,C1013,7513.4,8.924576458680306,5404.96125,9601.16,8,1.3900932222224534,1,0.19809286916528152
623,C1043,7191.46,8.880788534061612,5631.042222222222,9788.6,9,1.2771099409661286,1,0.20024317347035997
627,C1097,6991.47,8.852589134755863,5611.7809090909095,9330.36,11,1.2458558367227126,1,0.20475185600317114
628,C1073,4015.63,8.29819852157832,3618.462,8430.09,10,1.1097615506256524,1,0.17976851762870688
629,C1049,4922.61,8.501797280268281,5198.52,8964.06,7,0.946925278733178,1,0.18613250276086024
634,C1082,1992.91,7.597852814096932,4236.89,9239.9,7,0.4703709560550309,1,0.16156000010402372
639,C1002,848.03,6.744094521376103,81359.356,750000.0,10,0.0104232634289779,-1,-0.12265727147454553
652,C1087,9756.96,9.185838641166724,4560.190625,9756.96,16,2.139594767488475,1,0.06494596246989326
654,C1092,3985.45,8.29065638953353,4277.000909090909,9818.04,11,0.931832862492218,1,0.1981703502924782
655,C1005,3097.32,8.038615308089256,4320.8575,8448.1,12,0.7168299347988217,1,0.18394196870865115
657,C1025,7382.28,8.906973263302785,3908.8163636363633,9574.84,11,1.888622875374038,1,0.16249263836864886
658,C1070,8615.84,9.0614737071203,6154.828181818182,9486.61,11,1.3998506124755568,1,0.17525298728143862
662,C1091,5443.51,8.60236304050038,4808.191818181818,9368.84,11,1.1321324534965045,1,0.21722747037847484
663,C1050,1574.89,7.362575471027589,4920.444444444444,9646.04,9,0.3200706801553609,1,0.17645381227451745
665,C1087,467.29,6.149087762128487,4560.190625,9756.96,16,0.1024715934983529,1,0.09481564021841293
669,C1094,5463.02,8.605940061566036,4499.112857142857,8718.84,7,1.2142438239411644,1,0.1788248293997633
676,C1025,2482.66,7.817488557678552,3908.8163636363633,9574.84,11,0.6351436775327012,1,0.1954829145213124
680,C1017,3454.77,8.147800576783409,5446.542857142857,9662.91,7,0.6343051162205121,1,0.1816330905244073
681,C1059,9774.57,9.187641695173948,7028.583333333333,9774.57,6,1.390688498156338,1,0.08129141573533494
682,C1077,2944.72,7.988108548377966,3336.4146153846154,8958.28,13,0.8826001380108863,1,0.15970175269368825
684,C1019,2450.81,7.80458180628868,3016.2025000000003,9018.94,8,0.81254822910597,1,0.15820787536566944
685,C1052,7677.22,8.946143028445373,5296.644,9554.87,5,1.4494498780737388,1,0.12934996445335833
687,C1005,3441.94,8.144081036523884,4320.8575,8448.1,12,0.7965872514888538,1,0.18664059115025639
691,C1061,3113.9,8.043952327977518,5766.68,9886.73,10,0.5399814104476058,1,0.1855322886811831
700,C1015,2810.34,7.941416516989627,4792.305,9067.24,12,0.5864276167731395,1,0.18878234714945452
701,C1012,3287.43,8.098165526214103,3703.6550000000007,9166.13,18,0.8876177721737039,1,0.10519201260636935
705,C1078,5180.38,8.55282670903929,5396.48875,7895.83,8,0.9599538218253488,1,0.18371397290624314
706,C1012,8302.88,9.024478154434204,3703.6550000000007,9166.13,18,2.2418070797630985,1,0.04732157684458471
712,C1057,7615.58,8.938082729033706,5217.679090909091,8393.37,11,1.4595723246507897,1,0.18730935951227073
715,C1090,7365.95,8.90475905963657,5317.264375,9237.28,16,1.3852894045728166,1,0.15303212861829651
719,C1025,8012.92,8.988935308615693,3908.8163636363633,9574.84,11,2.049960718171369,1,0.14191707876436022
720,C1020,1536.8,7.33810810259808,3496.548181818181,9070.37,11,0.439519182944842,1,0.16140506990638986
725,C1034,7080.3,8.865212785651654,4935.611,8095.92,10,1.4345336372740882,1,0.1888908449755149
726,C1016,9294.64,9.1373007520079,4916.9766666666665,9399.49,12,1.8903160682072249,1,0.1475348809960465
729,C1086,5264.39,8.568910495898802,4640.49125,8719.34,16,1.1344467032450498,1,0.1669564230911228
730,C1004,1757.51,7.472222138562639,6327.619090909091,9731.18,11,0.2777521805200031,1,0.1546828156977461
732,C1064,5018.93,8.521171268365446,5247.81375,9353.4,16,0.9563849326779176,1,0.1709482616136731
735,C1075,5854.56,8.675146916206229,7032.544,9857.36,10,0.8324953245937744,1,0.1663040322325537
736,C1073,3199.72,8.071131063479115,3618.462,8430.09,10,0.8842762477538798,1,0.1812152448688799
741,C1077,8230.6,9.015735685468394,3336.4146153846154,8958.28,13,2.4668996359288493,1,0.07664279617673986
744,C1075,9857.36,9.19607510516214,7032.544,9857.36,10,1.4016776859128075,1,0.1160923489717306
745,C1042,3137.55,8.051516188808,5305.743636363636,8637.23,11,0.5913497174074477,1,0.1919452585278591
746,C1022,1140.91,7.040457578003525,3177.713333333333,9696.32,9,0.3590349035050361,1,0.13618569012948095
748,C1063,7387.92,8.907736859825178,7277.253333333333,9382.16,9,1.0152072027175087,1,0.1526384804697487
750,C1091,235.77,5.467089205794908,4808.191818181818,9368.84,11,0.0490350653458652,1,0.09579022500147139
753,C1071,657.84,6.490480712914475,4354.5230769230775,8528.2,13,0.1510705049391613,1,0.11481786482759726
756,C1078,6065.87,8.710598100318629,5396.48875,7895.83,8,1.1240401455483435,1,0.180596134526943
764,C1040,4475.64,8.406628044018326,4365.485000000001,9017.49,16,1.0252331642417738,1,0.1671605901129231
766,C1031,9298.79,9.13774709824124,6461.551,9870.47,10,1.4390956598500888,1,0.1549725081227834
767,C1020,4585.61,8.430896468091742,3496.548181818181,9070.37,11,1.3114676994428012,1,0.17982107174343642
768,C1046,8802.64,9.082920551305996,7408.965454545454,9573.38,11,1.188106497999598,1,0.1385204492711115
769,C1063,6215.52,8.734965543632248,7277.253333333333,9382.16,9,0.8541024635668403,1,0.15420876245586485
771,C1044,5115.72,8.540268887745679,4062.351111111112,7154.07,9,1.2593003066642303,1,0.16242691578982899
772,C1040,7457.97,8.917172613960213,4365.485000000001,9017.49,16,1.708394370843102,1,0.14109897086191014
779,C1004,7956.16,8.981827431256304,6327.619090909091,9731.18,11,1.257370250277966,1,0.186885924706997
780,C1084,5622.19,8.634654397513266,4001.246,9211.85,10,1.405109808294716,1,0.19539676605666711
781,C1066,502.57,6.221722729307599,3139.325714285714,6024.31,7,0.1600885176434612,1,0.05057474957499519
787,C1080,372.52,5.922971550662681,5252.084545454545,9562.84,11,0.070928028057431,1,0.11886986456405368
788,C1039,3456.65,8.148344446545796,3958.641818181818,9996.16,11,0.8731908969697137,1,0.18199385406094487
791,C1032,2982.56,8.000872497368267,4781.380909090909,8800.82,11,0.6237863196235245,1,0.200509637627227
792,C1000,246.61,5.511854927717011,3568.2321428571427,9240.38,14,0.0691126558269651,1,0.06440494110347283
795,C1009,6952.57,8.847010475740793,5249.364545454546,9876.56,11,1.3244593588037754,1,0.2025756959308505
800,C1075,7918.17,8.977041681336981,7032.544,9857.36,10,1.1259325217161813,1,0.1686709338050894
803,C1030,6645.96,8.801914886271106,5110.168,9238.55,10,1.3005364989957278,1,0.21233454237852345
804,C1015,1383.58,7.23315212353466,4792.305,9067.24,12,0.2887086694189956,1,0.166063812386608
809,C1083,2511.24,7.828930064425574,4036.3981818181824,9773.86,11,0.6221487293577216,1,0.19775468052309397
818,C1065,6991.27,8.85256053215045,4327.495,8471.69,8,1.615546638413216,1,0.17646990363556947
820,C1087,5963.2,8.693530209862935,4560.190625,9756.96,16,1.3076646329888897,1,0.15706003478086417
825,C1048,869.34,6.768883939902104,3088.6,7022.42,8,0.2814673314770446,1,0.09814376459663698
826,C1029,348.25,5.855787998137071,1521.0400000000002,3519.08,7,0.228955188555199,-1,-0.02064613801923576
827,C1074,9739.14,9.184010770249913,4487.675,9739.14,8,2.1701972625022976,1,0.10233417376952114
835,C1004,5274.29,8.570788933136443,6327.619090909091,9731.18,11,0.8335346872534707,1,0.18719301547502704
840,C1022,3646.95,8.20192064495994,3177.713333333333,9696.32,9,1.1476648827144047,1,0.15698955222174987
843,C1061,4624.7,8.439382989845416,5766.68,9886.73,10,0.8019692440017478,1,0.19720331761543275
847,C1055,2648.74,7.882216800959305,4684.112142857142,8818.58,14,0.5654732250676565,1,0.17446155205865677
848,C1023,8613.25,9.061173087714389,5220.455,9934.09,8,1.6499040792421351,1,0.17232305911614898
850,C1053,2412.53,7.78884568510409,5294.12,9965.44,14,0.4556999085778184,1,0.15164925285410286
851,C1053,2215.35,7.703616977633879,5294.12,9965.44,14,0.4184548140200826,1,0.15018047819297792
854,C1028,4651.91,8.445248109297815,4915.713333333333,7327.73,6,0.9463346791310044,1,0.12444432572830644
857,C1073,3613.41,8.192683912420845,3618.462,8430.09,10,0.9986038267086954,1,0.17874563006788508
859,C1068,5801.35,8.666018286888127,5260.007500000001,9461.27,8,1.1029166783507438,1,0.20101647592315636
862,C1044,3054.4,8.024665795931622,4062.351111111112,7154.07,9,0.7518798637679985,1,0.16855920169985522
865,C1057,7068.07,8.863484208512645,5217.679090909091,8393.37,11,1.3546386960276833,1,0.19145910069968874
868,C1038,3207.7,8.073621149672046,3299.764545454546,8865.4,11,0.9720996622073032,1,0.17910272762265667
873,C1061,6925.19,8.843065157447773,5766.68,9886.73,10,1.200897223359021,1,0.1977359933223371
874,C1020,1873.67,7.536187922914694,3496.548181818181,9070.37,11,0.535862771673778,1,0.16880281317161666
878,C1053,2302.01,7.741972241973655,5294.12,9965.44,14,0.4348239178560366,1,0.14912516244845625
882,C1019,224.16,5.416811260595826,3016.2025000000003,9018.94,8,0.0743186175331397,1,0.04659884848488893
883,C1025,1021.46,6.929966767347357,3908.8163636363633,9574.84,11,0.2613220742480053,1,0.15729419185972465
885,C1027,5818.51,8.668971344741239,6337.765714285714,9016.94,7,0.9180695946025144,1,0.15882096288978242
886,C1076,3722.3,8.222365650803585,5563.6362500000005,9503.1,8,0.6690408633382529,1,0.19206191751112606
889,C1026,1667.16,7.419476501579741,3868.727142857143,8996.06,7,0.4309324329264443,1,0.14885111041092353
891,C1018,6292.17,8.747220197304756,5248.64,8985.31,10,1.1988191226679672,1,0.2149437619828079
896,C1090,7296.16,8.895240510344472,5317.264375,9237.28,16,1.3721642343578224,1,0.1544939363921904
897,C1039,2776.62,7.929349724900938,3958.641818181818,9996.16,11,0.701407231956966,1,0.18247418958858713
898,C1093,5684.43,8.645662040967174,5020.352142857143,9724.73,14,1.1322771467510888,1,0.1881963008127467
902,C1039,9996.16,9.210056331640546,3958.641818181818,9996.16,11,2.5251488917457,1,0.06104800200125993
905,C1006,7646.95,8.942192917052964,6649.928,8374.41,5,1.1499297436002314,1,0.09255789327729269
906,C1024,968.2,6.876470988942371,5167.605714285715,8413.34,7,0.1873594955829225,1,0.1360898571369411
907,C1095,9937.65,9.204186475537606,4509.455555555555,9937.65,9,2.2037361001944062,1,0.08875488590697245
910,C1064,7923.91,8.97776624221412,5247.81375,9353.4,16,1.5099449747049425,1,0.15193686891166813
914,C1036,5091.98,8.535618399918324,4926.597777777777,8819.61,9,1.0335692560428225,1,0.21402730454758817
916,C1058,4060.36,8.309273171873514,4589.3133333333335,8872.59,9,0.8847423797605161,1,0.20434723857841014
920,C1015,3379.94,8.125909056321493,4792.305,9067.24,12,0.7052848264039956,1,0.19749261884986502
921,C1088,597.56,6.394526770599836,4964.531666666667,9431.24,6,0.1203658351123419,1,0.09634799109408954
923,C1026,246.61,5.511854927717011,3868.727142857143,8996.06,7,0.0637444800043129,1,0.06322621178446874
928,C1093,7434.67,8.914043969158346,5020.352142857143,9724.73,14,1.4809060775901748,1,0.18038937238139197
931,C1007,7258.87,8.890117201322433,5566.350666666666,9837.03,15,1.3040626497839518,1,0.15812696533689713
935,C1011,6963.58,8.848592582888159,5951.5075,9810.61,8,1.170053133596824,1,0.18629977693571237
942,C1075,9426.75,9.151412746945857,7032.544,9857.36,10,1.340446643490606,1,0.13436679363640275
945,C1094,8718.84,9.073356168110834,4499.112857142857,8718.84,7,1.937902043545728,1,0.1332326199858383
946,C1012,3066.36,8.028572535771739,3703.6550000000007,9166.13,18,0.8279280872543473,1,0.10969327282876534
949,C1052,1055.7,6.962906123446985,5296.644,9554.87,5,0.1993148869359541,1,0.08806991270455788
954,C1016,7028.48,8.857868013363344,4916.9766666666665,9399.49,12,1.4294312290818274,1,0.19114497372930717
958,C1046,9435.57,9.152347845655235,7408.965454545454,9573.38,11,1.2735340794727568,1,0.12531756753638873
960,C1057,7502.23,8.923088873480797,5217.679090909091,8393.37,11,1.437848106272259,1,0.18891127459536688
963,C1064,5315.26,8.578525327591233,5247.81375,9353.4,16,1.0128522568088474,1,0.17203139331107786
964,C1035,6465.55,8.77439801498345,7577.179090909091,9644.2,11,0.8532924881975146,1,0.141561452659821
965,C1051,7124.44,8.871426757616092,4670.660833333333,9866.55,12,1.525360169412144,1,0.18658288099259807
968,C1014,1278.97,7.154591919139,3020.4777777777776,6660.99,9,0.4234330109658884,1,0.1003018357569554
969,C1080,5123.08,8.541706275697244,5252.084545454545,9562.84,11,0.9754374583390526,1,0.21346539530776876
971,C1022,3112.01,8.043345382771816,3177.713333333333,9696.32,9,0.9793237065646788,1,0.16702317124704658
972,C1033,6038.07,8.706005305563789,5039.013,8413.84,10,1.198264422020741,1,0.20865486970787933
975,C1080,5777.79,8.661949597190658,5252.084545454545,9562.84,11,1.1000946290935911,1,0.21395904131224341
976,C1025,9574.84,9.16699853866046,3908.8163636363633,9574.84,11,2.449549712561208,1,0.08662702174952674
986,C1005,2312.5,7.746516808347054,4320.8575,8448.1,12,0.535194692257266,1,0.17122377094218666
988,C1092,769.84,6.64748082932972,4277.000909090909,9818.04,11,0.1799952855665004,1,0.15555427155312213
991,C1080,6508.84,8.781070157327617,5252.084545454545,9562.84,11,1.2392869809441898,1,0.21228507772027022
993,C1083,4139.49,8.328569417303587,4036.3981818181824,9773.86,11,1.025540547175497,1,0.1996973698223834
994,C1040,7472.77,8.919154836224315,4365.485000000001,9017.49,16,1.7117846012527815,1,0.1403663993479688
1000,C1052,5838.79,8.672450116271627,5296.644,9554.87,5,1.1023565110284927,1,0.13376446900262412
1,C1045,4672.28,8.449616459587162,5723.765555555556,9318.22,9,0.8162947896188775,1,0.20258206342657437
1001,C1001,500000.0,13.122365377402328,88469.96499999998,500000.0,6,5.651635557898097,-1,-0.1779572831599463
1002,C1002,750000.0,13.527829818844936,81359.356,750000.0,10,9.218362052914973,-1,-0.17799552718584066
3,C1099,2109.22,7.654547486437696,5882.338,8755.63,10,0.3585683107635093,1,0.17133166547805878
7,C1068,259.32,5.561911643470728,5260.007500000001,9461.27,8,0.0493003099330181,1,0.08332443807208012
20,C1012,3227.61,8.079806983036356,3703.6550000000007,9166.13,18,0.871466159780001,1,0.10641345022339416
21,C1012,9166.13,9.12337953916372,3703.6550000000007,9166.13,18,2.474887644772528,1,0.01841485747920457
29,C1022,665.4,6.5018900908526325,3177.713333333333,9696.32,9,0.2093958548809731,1,0.13028114400664953
33,C1081,5549.14,8.621578431647555,5991.906363636364,9147.69,11,0.9261059274351447,1,0.19710703176353928
40,C1061,6293.12,8.747371143219533,5766.68,9886.73,10,1.0912899623353471,1,0.19858725384082715
42,C1069,4849.24,8.486783467243292,6014.573333333333,8870.28,9,0.806248378937381,1,0.19319852752393113
43,C1067,321.02,5.774613655416792,3931.592222222224,6212.17,9,0.0816513976667072,1,0.055672593760079936
46,C1021,6411.49,8.766002930023618,5678.83125,9757.58,8,1.1290157635869176,1,0.19358126249542584
51,C1034,6344.35,8.75547754017167,4935.611,8095.92,10,1.2854234257926729,1,0.1951441015261663
54,C1030,4835.02,8.483847347375429,5110.168,9238.55,10,0.9461567604039632,1,0.21003300233564964
58,C1017,9662.91,9.176153607217325,5446.542857142857,9662.91,7,1.7741364115638227,1,0.14080846800634955
61,C1070,6458.77,8.77334899242765,6154.828181818182,9486.61,11,1.0493826649913127,1,0.19474163376949621
62,C1096,6685.16,8.807794997294968,4606.570909090909,8962.25,11,1.451222640860052,1,0.20555577062960512
68,C1008,6495.4,8.779003456300448,5705.191428571428,9704.91,7,1.138506933785119,1,0.18242292759088652
69,C1065,1852.22,7.524679945627578,4327.495,8471.69,8,0.428012048540784,1,0.16280792349222012
70,C1091,9368.84,9.14525129931293,4808.191818181818,9368.84,11,1.948516272702023,1,0.1523077671428265
74,C1047,958.89,6.866818694563377,4385.52,7846.68,7,0.2186490997646801,1,0.12772732396202024
82,C1048,5005.95,8.518582226260511,3088.6,7022.42,8,1.6207828789742926,1,0.1063398048843276
84,C1010,2114.78,7.657178817818707,4498.433333333333,8140.28,9,0.4701147807014294,1,0.17451462948203605
85,C1077,1889.08,7.54437443520021,3336.4146153846154,8958.28,13,0.5662006128642469,1,0.1411604575209628
87,C1077,994.25,6.902993961880426,3336.4146153846154,8958.28,13,0.2979995338155491,1,0.12808516670714493
89,C1091,6694.37,8.809171521721439,4808.191818181818,9368.84,11,1.3922843041922204,1,0.20970008708111715
90,C1070,9486.61,9.157742015839572,6154.828181818182,9486.61,11,1.541328160552743,1,0.1597244424833646
91,C1054,4058.1,8.308716553145423,5577.102857142857,7997.02,7,0.7276358539456738,1,0.16507694444910637
92,C1041,8173.67,9.008795627978207,5640.422222222222,9327.78,9,1.449123785059432,1,0.19683614903071783
93,C1017,5852.09,8.674725005902882,5446.542857142857,9662.91,7,1.074459552324148,1,0.184594195004808
96,C1086,8719.34,9.07341350696859,4640.49125,8719.34,16,1.878969171636732,1,0.11540026221448851
106,C1035,9227.28,9.130027961269386,7577.179090909091,9644.2,11,1.2177724571761357,1,0.1285810578835747
108,C1015,6044.84,8.707125711211527,4792.305,9067.24,12,1.2613637904933013,1,0.20339591151105701
113,C1014,3464.81,8.150701650538702,3020.4777777777776,6660.99,9,1.147106601972462,1,0.12033135719872445
114,C1022,523.35,6.262159400280414,3177.713333333333,9696.32,9,0.1646938993867708,1,0.12280228868312548
116,C1100,3845.24,8.254851326697871,4901.26,8566.26,16,0.7845411179982289,1,0.1516640688144651
120,C1080,2767.38,7.926017590552073,5252.084545454545,9562.84,11,0.5269107867646665,1,0.19763055732293072
122,C1033,8384.86,9.034302233100536,5039.013,8413.84,10,1.663988562839588,1,0.18091577654034213
125,C1047,7846.68,8.967973225694214,4385.52,7846.68,7,1.78922453893723,1,0.13547234847307932
126,C1013,9601.16,9.169743352147224,5404.96125,9601.16,8,1.7763605613268734,1,0.1561075953302999
128,C1057,8393.37,9.035316522026204,5217.679090909091,8393.37,11,1.6086405188513806,1,0.17823205846818474
129,C1023,794.02,6.678367271570599,5220.455,9934.09,8,0.1520978535395861,1,0.14274663092240203
130,C1055,3781.72,8.238198606562012,4684.112142857142,8818.58,14,0.8073504400971248,1,0.1856208369698915
134,C1079,7927.5,8.978219141629623,4736.718333333333,9670.93,18,1.6736270645886693,1,0.10787657010519636
137,C1002,6063.25,8.71016615338533,81359.356,750000.0,10,0.0745243116231156,-1,-0.12398640159641972
144,C1040,1773.51,7.481279607460923,4365.485000000001,9017.49,16,0.4062572658020815,1,0.14001075871389024
146,C1055,6692.04,8.80882345947603,4684.112142857142,8818.58,14,1.42866775941835,1,0.18298896759138922
147,C1014,4340.26,8.37591990753965,3020.4777777777776,6660.99,9,1.4369448541989311,1,0.10896744683470277
152,C1096,1467.41,7.291935461732969,4606.570909090909,8962.25,11,0.3185471425402607,1,0.17896829463119052
155,C1086,1587.42,7.370495090464656,4640.49125,8719.34,16,0.3420801623104019,1,0.13112078453030662
158,C1053,7579.14,8.933286948122847,5294.12,9965.44,14,1.4316146970601349,1,0.1700626844776893
159,C1013,2159.98,7.67831710148951,5404.96125,9601.16,8,0.399629137026653,1,0.17501465394223037
166,C1072,7597.02,8.935642966015758,3519.8770000000004,7597.02,10,2.158319736740801,1,0.09517981397332542
171,C1055,8152.39,9.006189070671551,4684.112142857142,8818.58,14,1.7404344198786263,1,0.16550514257699717
172,C1091,2363.04,7.768127298856612,4808.191818181818,9368.84,11,0.4914612580688525,1,0.19694610030828869
173,C1039,7630.33,8.940017421014549,3958.641818181818,9996.16,11,1.9275120989613976,1,0.1513220789801933
174,C1095,2729.98,7.9124157981221,4509.455555555555,9937.65,9,0.6053901555004176,1,0.1842804762291988
176,C1070,884.92,6.786626653074657,6154.828181818182,9486.61,11,0.1437765562025141,1,0.13599078508419038
180,C1030,4126.84,8.3255095467203,5110.168,9238.55,10,0.8075742323931425,1,0.21141873575206693
181,C1046,2980.62,8.00022205595044,7408.965454545454,9573.38,11,0.4022990818740243,1,0.13093724324374462
188,C1045,3895.89,8.267934078099165,5723.765555555556,9318.22,9,0.6806515679557493,1,0.20237159954084555
195,C1007,9837.03,9.19401076675092,5566.350666666666,9837.03,15,1.7672314572108647,1,0.10536344060323383
197,C1020,9070.37,9.112878579111712,3496.548181818181,9070.37,11,2.5940926674957097,1,0.08189836945587425
198,C1003,509.24,6.234881203261748,4258.298333333333,9852.61,6,0.1195876756716982,1,0.08432648535569687
203,C1047,6474.61,8.775798090624605,4385.52,7846.68,7,1.476360842043817,1,0.15313044315706165
205,C1085,3417.16,8.13685767358052,5215.24125,8005.24,8,0.655225681074677,1,0.18227876380932273
207,C1089,7243.99,8.88806547449158,6255.949,9690.93,10,1.157936229978857,1,0.19675711399345625
210,C1046,3015.28,8.011779563014935,7408.965454545454,9573.38,11,0.4069771978961116,1,0.13294530860882608
214,C1093,9392.0,9.147720009994517,5020.352142857143,9724.73,14,1.87078510286629,1,0.13702299511765337
219,C1025,4982.4,8.513867667987661,3908.8163636363633,9574.84,11,1.274656964279817,1,0.19020447829569792
222,C1043,9788.6,9.189075876671458,5631.042222222222,9788.6,9,1.738328290519734,1,0.14917946093015427
227,C1034,1170.56,7.066091473025581,4935.611,8095.92,10,0.2371661786149678,1,0.15328772417658748
229,C1077,5293.62,8.574446489643408,3336.4146153846154,8958.28,13,1.5866193534791724,1,0.1465029045951064
230,C1045,9318.22,9.139834213190229,5723.765555555556,9318.22,9,1.62798771360501,1,0.17089259220605602
234,C1072,3069.17,8.02948821364096,3519.8770000000004,7597.02,10,0.8719537642934682,1,0.16461480817155438
240,C1079,1675.58,7.424511283228873,4736.718333333333,9670.93,18,0.3537427987238704,1,0.09960877069371443
246,C1069,7025.17,8.857397028377065,6014.573333333333,8870.28,9,1.1680246645370247,1,0.19155864071412632
247,C1018,5961.33,8.693216623259737,5248.64,8985.31,10,1.1357856511401048,1,0.21883596877385003
248,C1051,6156.27,8.725388776475297,4670.660833333333,9866.55,12,1.3180725853746964,1,0.1913000572679721
249,C1093,9724.73,9.182530229936818,5020.352142857143,9724.73,14,1.9370613302168755,1,0.11911425555290583
250,C1057,6513.72,8.781819510891708,5217.679090909091,8393.37,11,1.2483941397141571,1,0.19448072898571406
252,C1086,1036.81,6.944868002655186,4640.49125,8719.34,16,0.2234267762060751,1,0.11534275019004037
254,C1058,8872.59,9.09083472848249,4589.3133333333335,8872.59,9,1.9333153688932403,1,0.1531564571944265
259,C1000,5426.23,8.599184153854516,3568.2321428571427,9240.38,14,1.5207054313610682,1,0.1469392072075461
260,C1056,5240.67,8.564395428830377,6002.706666666667,9969.37,9,0.8730511569225438,1,0.1879337743454163
261,C1083,8675.87,9.068416143544573,4036.3981818181824,9773.86,11,2.1494088564106884,1,0.13041600697097577
263,C1042,6742.92,8.816396637215128,5305.743636363636,8637.23,11,1.270871806505403,1,0.1993242508667804
266,C1084,7191.54,8.880799656758866,4001.246,9211.85,10,1.7973251332210016,1,0.17413082868991414
270,C1000,2520.06,7.832434726984036,3568.2321428571427,9240.38,14,0.7062488927590194,1,0.1602686392799872
274,C1076,6743.02,8.816411465276346,5563.6362500000005,9503.1,8,1.211980743708757,1,0.1961378999713615
275,C1043,3182.62,8.065774193108217,5631.042222222222,9788.6,9,0.5651919972185926,1,0.19325744518693322
278,C1094,5311.22,8.577765105961316,4499.112857142857,8718.84,7,1.1805038390108018,1,0.18022247052781404
279,C1092,6501.65,8.779965065107493,4277.000909090909,9818.04,11,1.520142300222692,1,0.1953197126013183
280,C1068,5929.8,8.68791439014387,5260.007500000001,9461.27,8,1.1273367956224396,1,0.2026723543377037
281,C1020,5389.53,8.592398989310128,3496.548181818181,9070.37,11,1.5413858810884398,1,0.1744570355472841
288,C1058,497.75,6.212104968204073,4589.3133333333335,8872.59,9,0.1084584912485092,1,0.13815546086893205
290,C1075,1570.73,7.359932202512257,7032.544,9857.36,10,0.2233516064741294,1,0.12467809065375579
292,C1006,8374.41,9.03305531071888,6649.928,8374.41,5,1.2593234092158592,1,0.08637983677331829
294,C1090,8981.43,9.10302572602661,5317.264375,9237.28,16,1.689107286488835,1,0.12185572393103755
299,C1007,3953.88,8.282705538401371,5566.350666666666,9837.03,15,0.7103181665641859,1,0.1550269263213364
300,C1023,2656.67,7.885205078066636,5220.455,9934.09,8,0.5088962552114711,1,0.17508510655266962
301,C1080,2981.78,8.000611030537867,5252.084545454545,9562.84,11,0.5677326734164254,1,0.20011012697905822
304,C1039,4140.13,8.328723976436047,3958.641818181818,9996.16,11,1.0458460730103485,1,0.18334642682798963
314,C1090,2667.95,7.889440415620955,5317.264375,9237.28,16,0.501752369610172,1,0.148160401941842
315,C1010,5258.28,8.567749414233264,4498.433333333333,8140.28,9,1.1689136217794345,1,0.19532653737949185
316,C1063,6891.79,8.838231216731733,7277.253333333333,9382.16,9,0.9470317555707832,1,0.15156090760159657
317,C1052,9554.87,9.164910904334748,5296.644,9554.87,5,1.8039479338237567,1,0.09516562573607834
318,C1100,7449.47,8.91603239663201,4901.26,8566.26,16,1.519909166214402,1,0.14804238648284773
319,C1029,2490.69,7.820716474095425,1521.0400000000002,3519.08,7,1.6374914532162204,-1,-0.0018845739213869672
320,C1042,4509.21,8.414098994605597,5305.743636363636,8637.23,11,0.8498733276699454,1,0.20533835321322125
321,C1055,7691.13,8.947953007241882,4684.112142857142,8818.58,14,1.6419611156680556,1,0.17058547758266257
322,C1085,5734.51,8.654431953246958,5215.24125,8005.24,8,1.099567541578254,1,0.1864148143331128
329,C1079,5794.36,8.664812876363742,4736.718333333333,9670.93,18,1.2232857417811416,1,0.12873527750222885
330,C1097,3542.33,8.17282224193367,5611.7809090909095,9330.36,11,0.6312309866305608,1,0.1989917972975147
333,C1036,4875.58,8.49219943348616,4926.597777777777,8819.61,9,0.9896444199264852,1,0.21236833530276128
334,C1061,1149.64,7.048073588295634,5766.68,9886.73,10,0.1993590766264124,1,0.14883167938534653
340,C1083,4321.39,8.371563768997659,4036.3981818181824,9773.86,11,1.0706054767999733,1,0.19502298871587004
341,C1013,4319.65,8.371161132882703,5404.96125,9601.16,8,0.7992009193405409,1,0.19569499724801837
344,C1086,1288.56,7.162056353901588,4640.49125,8719.34,16,0.2776774980450615,1,0.12468445602647632
349,C1028,3440.93,8.14378763955132,4915.713333333333,7327.73,6,0.6999858955702597,1,0.12315279294596987
354,C1052,2356.64,7.765416397686072,5296.644,9554.87,5,0.4449307901380572,1,0.11207796239770934
357,C1043,1876.73,7.537818879464265,5631.042222222222,9788.6,9,0.3332828854654496,1,0.1744096909439115
360,C1090,2196.61,7.69512568518935,5317.264375,9237.28,16,0.41310904350134,1,0.1448835016191402
362,C1095,8759.05,9.077956891676704,4509.455555555555,9937.65,9,1.9423741718019667,1,0.14471035298518453
363,C1099,7915.81,8.976743625893937,5882.338,8755.63,10,1.34569111805544,1,0.1892920504672158
367,C1099,8673.21,9.068109534385853,5882.338,8755.63,10,1.4744494451015904,1,0.17467487658429398
370,C1059,7058.83,8.862176250877264,7028.583333333333,9774.57,6,1.004303380244952,1,0.11997756382856611
371,C1047,2665.19,7.888405766016178,4385.52,7846.68,7,0.6077249676207155,1,0.1641179185861497
373,C1013,792.68,6.676680357341647,5404.96125,9601.16,8,0.146657850692269,1,0.14615556079480801
381,C1060,1939.03,7.5704587158553345,4820.861111111111,9622.87,9,0.402216524249356,1,0.19091543865749755
382,C1039,394.0,5.978885764901122,3958.641818181818,9996.16,11,0.0995290855036139,1,0.11742841736465598
384,C1093,1540.36,7.340420422572505,5020.352142857143,9724.73,14,0.3068230984935177,1,0.1497461901735147
388,C1092,8178.0,9.009325172734972,4277.000909090909,9818.04,11,1.912087505667204,1,0.16453641222893528
389,C1031,8015.91,8.989308339835494,6461.551,9870.47,10,1.2405550927323796,1,0.18163766486895794
390,C1060,4528.21,8.41830281033288,4820.861111111111,9622.87,9,0.9392948470478418,1,0.20794342569080732
393,C1084,416.12,6.033373950185192,4001.246,9211.85,10,0.1039976047461215,1,0.12957570347833425
394,C1079,5521.93,8.61666379554964,4736.718333333333,9670.93,18,1.1657712389484844,1,0.12749405471748548
396,C1020,1870.24,7.534356591698183,3496.548181818181,9070.37,11,0.5348818042105422,1,0.16693412377081457
399,C1053,9360.39,9.144349062719474,5294.12,9965.44,14,1.7680728808564974,1,0.1352910012645102
410,C1074,1198.62,7.089760118959949,4487.675,9739.14,8,0.2670915340348844,1,0.1614649771311505
411,C1093,9112.19,9.117478093614896,5020.352142857143,9724.73,14,1.815049968748635,1,0.14468808681151119
412,C1016,6331.63,8.753470910682088,4916.9766666666665,9399.49,12,1.2877079614641247,1,0.1985968796049732
413,C1100,6367.05,8.759048579252187,4901.26,8566.26,16,1.2990639141771707,1,0.15211873273140164
414,C1019,5317.16,8.578882657849059,3016.2025000000003,9018.94,8,1.7628657227092674,1,0.11617297083398681
415,C1044,2827.76,7.947593732071857,4062.351111111112,7154.07,9,0.696089511383118,1,0.16410488690897546
416,C1077,8958.28,9.10044514559731,3336.4146153846154,8958.28,13,2.685002025435411,1,0.056283970793084115
418,C1064,1198.0,7.089243155027514,5247.81375,9353.4,16,0.2282855408121143,1,0.12338548730088422
427,C1020,2537.33,7.839261663462654,3496.548181818181,9070.37,11,0.7256671059743857,1,0.18964296491132726
429,C1098,4866.84,8.490405585859785,5336.942857142857,9110.41,7,0.9119153287328756,1,0.18697554779630815
434,C1063,5164.76,8.549807514969164,7277.253333333333,9382.16,9,0.709712822053742,1,0.15731926618720032
435,C1091,7245.17,8.888228332399796,4808.191818181818,9368.84,11,1.5068388021881596,1,0.20515525295807124
436,C1087,4015.01,8.298044151408305,4560.190625,9756.96,16,0.8804478431205932,1,0.16161023981125605
437,C1085,7998.07,8.987080563904417,5215.24125,8005.24,8,1.5335954017467552,1,0.17309226650698384
438,C1066,2713.14,7.906230423441689,3139.325714285714,6024.31,7,0.8642429129458191,1,0.10901851933643714
439,C1063,9382.16,9.146671872260193,7277.253333333333,9382.16,9,1.2892446600732144,1,0.12556222466894246
440,C1031,4385.26,8.386232206746635,6461.551,9870.47,10,0.6786698735334598,1,0.17752527075304653
445,C1090,7121.27,8.870981773818372,5317.264375,9237.28,16,1.339273261168249,1,0.15283965419183354
449,C1087,2618.13,7.870597480541956,4560.190625,9756.96,16,0.5741273151273144,1,0.1494074382279576
451,C1012,927.1,6.833139485601347,3703.6550000000007,9166.13,18,0.2503202917118359,1,0.07873100111345133
454,C1087,8799.33,9.082544499763191,4560.190625,9756.96,16,1.929596967232044,1,0.10841308678431821
455,C1059,8346.99,9.029776070304663,7028.583333333333,9774.57,6,1.1875778665686545,1,0.12006340167345653
457,C1035,8935.24,9.097870198042807,7577.179090909091,9644.2,11,1.1792304092060164,1,0.1312645179541519
459,C1048,7022.42,8.85700555787364,3088.6,7022.42,8,2.273657968011397,1,0.055800927254632815
462,C1081,4591.99,8.43228650709721,5991.906363636364,9147.69,11,0.7663654472085603,1,0.19325448940045237
469,C1057,1410.65,7.252514511972906,5217.679090909091,8393.37,11,0.2703596705396878,1,0.15838770870240965
473,C1065,7421.54,8.912276595643267,4327.495,8471.69,8,1.7149736741463597,1,0.16659988765733513
474,C1028,5597.03,8.630170029117846,4915.713333333333,7327.73,6,1.138599755613631,1,0.12844475887036388
475,C1038,2732.05,7.9131734806747325,3299.764545454546,8865.4,11,0.8279530137274257,1,0.18416592097696693
478,C1001,9267.61,9.1343887012543,88469.96499999998,500000.0,6,0.1047543084254639,-1,-0.1364538268466584
482,C1010,2955.0,7.991592282068092,4498.433333333333,8140.28,9,0.656895363571021,1,0.18913873560352573
485,C1043,9680.9,9.178013442001763,5631.042222222222,9788.6,9,1.7192021686137438,1,0.15549873861754093
488,C1056,8545.24,9.053246699123472,6002.706666666667,9969.37,9,1.423564480911944,1,0.16721145249587455
489,C1042,5106.77,8.538518188730679,5305.743636363636,8637.23,11,0.9624984450812996,1,0.20485710267798457
490,C1002,5844.13,8.673364114890658,81359.356,750000.0,10,0.0718310749657359,-1,-0.12447734936670052
491,C1090,9229.07,9.13022191143347,5317.264375,9237.28,16,1.7356801071227534,1,0.12088668253748186
492,C1014,899.79,6.803272156080467,3020.4777777777776,6660.99,9,0.2978965800112565,1,0.09368784269650998
494,C1070,5948.47,8.691057418941954,6154.828181818182,9486.61,11,0.9664721458142764,1,0.19531623327564251
496,C1055,1591.71,7.373192246884349,4684.112142857142,8818.58,14,0.3398103955361567,1,0.15269423245540786
497,C1099,6873.86,8.835626558691066,5882.338,8755.63,10,1.1685591681402872,1,0.1938382730350729
499,C1073,5495.46,8.61185952763412,3618.462,8430.09,10,1.5187281226112086,1,0.17106435602941672
501,C1053,1476.79,7.2983030075161155,5294.12,9965.44,14,0.2789490982448452,1,0.13351416983667858
504,C1065,2885.24,7.967709895959368,4327.495,8471.69,8,0.6667228962713995,1,0.18169114710356976
508,C1029,1189.15,7.081834628582056,1521.0400000000002,3519.08,7,0.7818006101088728,1,0.013737893028651138
509,C1063,7376.37,8.906172485516466,7277.253333333333,9382.16,9,1.0136200654459375,1,0.15213779560040375
510,C1012,7010.35,8.855285543512776,3703.6550000000007,9166.13,18,1.8928193905749853,1,0.06303030303301627
512,C1036,4327.28,8.372925513442928,4926.597777777777,8819.61,9,0.8783505768461355,1,0.20980812494784584
514,C1021,3596.67,8.18804169268326,5678.83125,9757.58,8,0.6333468704497954,1,0.18911750307656638
515,C1003,2098.46,7.649435447787479,4258.298333333333,9852.61,6,0.4927930914500667,1,0.12157544134727721
518,C1026,8996.06,9.104653136284512,3868.727142857143,8996.06,7,2.325328116408904,1,0.09093888349119172
519,C1046,9133.08,9.119767752191372,7408.965454545454,9573.38,11,1.2327065169937848,1,0.1307659997044096
521,C1023,4560.43,8.425391449838557,5220.455,9934.09,8,0.8735694494062299,1,0.19281110725145784
522,C1031,6663.08,8.804487188576543,6461.551,9870.47,10,1.0311889513833443,1,0.18895110579013175
526,C1100,7921.29,8.97743558442929,4901.26,8566.26,16,1.6161742082648134,1,0.13641166517723563
528,C1049,1978.32,7.590508630358067,5198.52,8964.06,7,0.3805544655017197,1,0.1663244241681064
529,C1041,6928.8,8.84358623173863,5640.422222222222,9327.78,9,1.2284186763008285,1,0.2034340565083365
530,C1062,720.42,6.581221491955391,5481.721111111111,9531.57,9,0.1314222276904516,1,0.14425408785133725
531,C1051,1645.01,7.406109456552704,4670.660833333333,9866.55,12,0.352200696796474,1,0.1643200887690111
539,C1089,9690.93,9.179048859458828,6255.949,9690.93,10,1.5490743290905986,1,0.1536792321209967
543,C1091,2445.52,7.802421885639561,4808.191818181818,9368.84,11,0.5086153157934442,1,0.20138226191452874
550,C1100,1802.59,7.497534402064936,4901.26,8566.26,16,0.3677809379628911,1,0.12455162546206427
556,C1096,1253.96,7.134858978547985,4606.570909090909,8962.25,11,0.2722111576585858,1,0.17433197148799656
558,C1079,6746.97,8.81699699789427,4736.718333333333,9670.93,18,1.4243975523138208,1,0.12141435755198948
562,C1074,3260.97,8.090086586326896,4487.675,9739.14,8,0.726650214197775,1,0.19449817687319487
564,C1050,232.83,5.454594355605302,4920.444444444444,9646.04,9,0.0473188962153373,1,0.08619530154223531
569,C1007,3282.79,8.096753522120839,5566.350666666666,9837.03,15,0.5897562328687881,1,0.14464381972602475
570,C1042,4028.81,8.301474507427317,5305.743636363636,8637.23,11,0.7593299405549869,1,0.20257245195698775
571,C1015,8464.36,9.043737821719647,4792.305,9067.24,12,1.7662398365713368,1,0.1719969186044003
572,C1034,4088.93,8.31628313397596,4935.611,8095.92,10,0.8284546735956297,1,0.19921146214089291
573,C1064,8637.28,9.063958767906154,5247.81375,9353.4,16,1.64588158259237,1,0.136352294051306
574,C1097,1295.94,7.167762922645002,5611.7809090909095,9330.36,11,0.2309320376176158,1,0.16002266132165333
576,C1059,202.15,5.313944622433736,7028.583333333333,9774.57,6,0.0287611301471372,1,0.001112024057479788
579,C1090,4119.12,8.323637568133003,5317.264375,9237.28,16,0.774669023298282,1,0.166315155544909
584,C1076,8430.79,9.039764365347668,5563.6362500000005,9503.1,8,1.515338102845958,1,0.19228239648823814
588,C1081,9147.69,9.121365978620943,5991.906363636364,9147.69,11,1.526674391228046,1,0.17084651640664245
589,C1071,1244.22,7.127067500115305,4354.5230769230775,8528.2,13,0.2857304871327425,1,0.13653326410762845
590,C1035,6058.06,8.709309951520154,7577.179090909091,9644.2,11,0.7995138992119518,1,0.14334098472968781
592,C1068,6220.55,8.735774350830503,5260.007500000001,9461.27,8,1.1826123822066792,1,0.2036220898125824
595,C1062,2341.62,7.7590252401217406,5481.721111111111,9531.57,9,0.4271687582306368,1,0.18843853124344284
600,C1057,2340.75,7.75865379208924,5217.679090909091,8393.37,11,0.4486190045835426,1,0.18149220295161572
605,C1031,1206.61,7.096398478686108,6461.551,9870.47,10,0.1867368995462544,1,0.1254944736483838
608,C1056,2665.63,7.888570781899332,6002.706666666667,9969.37,9,0.4440713411505476,1,0.1669284110179325
612,C1071,232.23,5.452025091142252,4354.5230769230775,8528.2,13,0.0533307542290244,1,0.06140470929710162
614,C1012,6502.41,8.780081933705802,3703.6550000000007,9166.13,18,1.7556737871103,1,0.07724558654510638
619,C1100,1898.86,7.549535478229191,4901.26,8566.26,16,0.3874228259672002,1,0.1244422304197973
622,C1021,8752.29,9.077184908681376,5678.83125,9757.58,8,1.5412132558085787,1,0.17856319619678118
626,C1016,3489.79,8.157883350612199,4916.9766666666665,9399.49,12,0.7097430467095973,1,0.19665193153209515
632,C1079,101.16,4.626540211724284,4736.718333333333,9670.93,18,0.0213565580389517,-1,-2.2694368519982078e-05
636,C1032,960.85,6.86885851335219,4781.380909090909,8800.82,11,0.2009565893763289,1,0.16455529675081365
638,C1010,5189.88,8.554658518626875,4498.433333333333,8140.28,9,1.1537083280845923,1,0.19802494578102364
640,C1064,5595.78,8.629946711347344,5247.81375,9353.4,16,1.0663068978010128,1,0.1671572398259693
641,C1071,3940.26,8.279255748122148,4354.5230769230775,8528.2,13,0.9048660278967228,1,0.17903821345792814
642,C1019,772.17,6.650498946788376,3016.2025000000003,9018.94,8,0.2560073469868153,1,0.12014113603646931
656,C1057,6067.79,8.710914523161065,5217.679090909091,8393.37,11,1.1629289372303635,1,0.20329952292260473
661,C1042,1560.49,7.353395772604004,5305.743636363636,8637.23,11,0.2941133433784794,1,0.16089839201011868
667,C1017,5000.25,8.517443160171444,5446.542857142857,9662.91,7,0.9180594243268336,1,0.18399302640908521
668,C1093,758.34,6.632449634931732,5020.352142857143,9724.73,14,0.151053148946723,1,0.13064606440904347
671,C1038,150.78,5.022432103975767,3299.764545454546,8865.4,11,0.0456941693635992,1,0.061401434782806574
672,C1081,6482.05,8.776946357624045,5991.906363636364,9147.69,11,1.0818009505853123,1,0.19862990838823302
673,C1098,9110.41,9.117282753250151,5336.942857142857,9110.41,7,1.7070465702676223,1,0.15741084117579973
674,C1014,2576.24,7.854474337864204,3020.4777777777776,6660.99,9,0.8529246660756392,1,0.12980811625326727
679,C1044,948.98,6.856440931741398,4062.351111111112,7154.07,9,0.2336036383965935,1,0.12465269063249335
683,C1092,309.74,5.738956549663855,4277.000909090909,9818.04,11,0.0724199051119295,1,0.11517148699402235
686,C1051,1009.19,6.917893710955061,4670.660833333333,9866.55,12,0.2160700671728643,1,0.15109395414812543
688,C1018,588.51,6.37929168336196,5248.64,8985.31,10,0.1121261888794049,1,0.1398288122835536
692,C1096,5706.38,8.649515353215774,4606.570909090909,8962.25,11,1.2387478913520371,1,0.2099458200479058
693,C1026,8311.31,9.025492827560024,3868.727142857143,8996.06,7,2.148331917216036,1,0.11582601984679625
694,C1065,1110.21,7.013204790679699,4327.495,8471.69,8,0.2565479567278529,1,0.15100443406239794
696,C1064,5942.0,8.68996933536666,5247.81375,9353.4,16,1.132281037984627,1,0.166469301185537
698,C1007,1496.28,7.311405407677851,5566.350666666666,9837.03,15,0.2688080736559177,1,0.11900118797736908
699,C1043,8025.79,8.990539976085106,5631.042222222222,9788.6,9,1.4252761182161264,1,0.19547046827969866
702,C1032,5767.81,8.660221099063813,4781.380909090909,8800.82,11,1.2063063181252889,1,0.21246976412094104
703,C1071,4566.33,8.426684068074005,4354.5230769230775,8528.2,13,1.048640670708441,1,0.17864810072373782
707,C1083,4878.08,8.492711956484035,4036.3981818181824,9773.86,11,1.2085229901185528,1,0.1933171974984466
709,C1053,2729.35,7.912185085089636,5294.12,9965.44,14,0.5155436597583735,1,0.15191510450116602
710,C1039,1589.82,7.372004885545176,3958.641818181818,9996.16,11,0.4016074383638465,1,0.15851836321028928
711,C1005,2400.3,7.783765536354269,4320.8575,8448.1,12,0.5555147328973474,1,0.17570770757971338
713,C1051,4062.66,8.309839324341183,4670.660833333333,9866.55,12,0.8698255225482904,1,0.19114557027426804
721,C1088,9431.24,9.151888887186102,4964.531666666667,9431.24,6,1.8997240088776417,1,0.10690273148044216
722,C1005,6669.17,8.805400625841246,4320.8575,8448.1,12,1.5434829776265475,1,0.17717048398567758
724,C1038,4892.54,8.495671246940978,3299.764545454546,8865.4,11,1.482693668776918,1,0.1673228110351555
727,C1011,2882.6,7.966794792530424,5951.5075,9810.61,8,0.4843478732069144,1,0.16850404003085656
731,C1009,1085.59,6.990799631056484,5249.364545454546,9876.56,11,0.2068040789699047,1,0.15993026152735634
738,C1080,9562.84,9.165744599036351,5252.084545454545,9562.84,11,1.820770385022882,1,0.16395855755595917
739,C1093,4907.58,8.498739973257885,5020.352142857143,9724.73,14,0.9775370054434144,1,0.1846633114677667
740,C1069,3980.23,8.289346095759974,6014.573333333333,8870.28,9,0.6617643146756877,1,0.19249020854475296
752,C1027,853.47,6.750481393688898,6337.765714285714,9016.94,7,0.134664176379418,1,0.10939061691305779
755,C1070,6623.38,8.798512061569422,6154.828181818182,9486.61,11,1.0761275220591786,1,0.19360750010187794
759,C1087,7411.04,8.910860984044763,4560.190625,9756.96,16,1.625160132423192,1,0.1520818342470439
762,C1028,7327.73,8.899557519296362,4915.713333333333,7327.73,6,1.4906748020294105,1,0.11605396637831084
763,C1061,8671.12,9.067868561222063,5766.68,9886.73,10,1.5036589510775695,1,0.1806004138938334
770,C1031,7390.92,8.908142790752134,6461.551,9870.47,10,1.143830637566739,1,0.1878144014861921
774,C1079,9670.93,9.17698315488217,4736.718333333333,9670.93,18,2.04169412648912,1,0.047096738141014116
775,C1034,3983.48,8.290162093374835,4935.611,8095.92,10,0.8070895376479225,1,0.2001249116013012
776,C1023,8230.05,9.015668867550232,5220.455,9934.09,8,1.5765005157596417,1,0.18450699820310618
782,C1086,585.25,6.373746319760489,4640.49125,8719.34,16,0.1261181130338302,1,0.09218792731620484
783,C1053,1619.27,7.390348081005751,5294.12,9965.44,14,0.3058619751724555,1,0.13584906147262843
785,C1018,6362.58,8.758346391051044,5248.64,8985.31,10,1.2122340263382514,1,0.21479443390521846
789,C1016,6195.87,8.73179960484954,4916.9766666666665,9399.49,12,1.2600974989373552,1,0.20094618686803228
793,C1083,113.1,4.73707525686803,4036.3981818181824,9773.86,11,0.0280200304591987,1,0.06055099120876972
798,C1099,6684.64,8.807717221677585,5882.338,8755.63,10,1.1363916864348838,1,0.1948073129944497
807,C1077,3352.76,8.117837383472251,3336.4146153846154,8958.28,13,1.0048990867441996,1,0.16093455759615505
808,C1050,4131.88,8.326729779490655,4920.444444444444,9646.04,9,0.839737151115527,1,0.20984891964805485
811,C1090,9237.28,9.131111000122043,5317.264375,9237.28,16,1.7372241341676755,1,0.12042291660990412
812,C1024,8413.34,9.037692672176457,5167.605714285715,8413.34,7,1.628092479412958,1,0.1624835507056358
814,C1021,1048.22,6.955802309953623,5678.83125,9757.58,8,0.1845837556803611,1,0.14574102224848262
815,C1044,7154.07,8.875576475310968,4062.351111111112,7154.07,9,1.7610663884843911,1,0.1350063163976022
819,C1060,7294.31,8.894986954913499,4820.861111111111,9622.87,9,1.5130720076519295,1,0.2020019297984696
824,C1079,3456.69,8.148356015029776,4736.718333333333,9670.93,18,0.7297647351489129,1,0.1245094142790319
828,C1089,2662.23,7.887294950841407,6255.949,9690.93,10,0.4255517428291056,1,0.1741989468729161
829,C1006,4094.59,8.31766606405299,6649.928,8374.41,5,0.61573448614782,1,0.08001956569629787
830,C1060,2405.33,7.78585804423668,4820.861111111111,9622.87,9,0.498941982472011,1,0.19631546472759903
831,C1033,5331.28,8.581534193048116,5039.013,8413.84,10,1.0580008426253316,1,0.20992787888081832
834,C1055,2146.65,7.672129500080341,4684.112142857142,8818.58,14,0.4582832209244716,1,0.1602783432060148
837,C1057,5342.54,8.58364363366726,5217.679090909091,8393.37,11,1.0239303542658378,1,0.20343282218773856
844,C1007,5209.07,8.55834857035773,5566.350666666666,9837.03,15,0.9358142007103156,1,0.16084112174335757
845,C1041,3846.73,8.25523864300366,5640.422222222222,9327.78,9,0.6819932707953305,1,0.20233187758044158
849,C1010,3987.18,8.291090265469375,4498.433333333333,8140.28,9,0.8863485806169555,1,0.1940464890524925
856,C1083,306.9,5.729775054930455,4036.3981818181824,9773.86,11,0.0760331330497621,1,0.11250356692885721
861,C1016,5602.61,8.63116631188743,4916.9766666666665,9399.49,12,1.1394420555178555,1,0.20329852950362098
864,C1007,890.94,6.793398865743655,5566.350666666666,9837.03,15,0.1600581877342498,1,0.10750304910942277
866,C1073,2632.13,7.875928531615884,3618.462,8430.09,10,0.7274167864689473,1,0.18304397512742593
869,C1082,821.19,6.711971511898937,4236.89,9239.9,7,0.1938190512380543,1,0.13527648734181869
871,C1053,4636.16,8.441857388864106,5294.12,9965.44,14,0.8757187219027902,1,0.17196317153796037
879,C1064,3047.81,8.022506629533279,5247.81375,9353.4,16,0.5807770902692573,1,0.15639475080302462
884,C1017,3693.98,8.214730420647761,5446.542857142857,9662.91,7,0.6782247192190065,1,0.1805554870369251
888,C1005,7980.42,8.984871619475701,4320.8575,8448.1,12,1.8469528328578293,1,0.1478982592646858
892,C1031,9870.47,9.19740405750785,6461.551,9870.47,10,1.5275697738824623,1,0.1361402385406999
893,C1001,9702.46,9.180237801919713,88469.96499999998,500000.0,6,0.1096695358701679,-1,-0.14060734250423224
894,C1068,5307.8,8.577121099996125,5260.007500000001,9461.27,8,1.0090860136606268,1,0.20432767296335952
901,C1064,9353.4,9.143602099826108,5247.81375,9353.4,16,1.7823422182237316,1,0.11830804886074991
903,C1030,5204.44,8.557459511578088,5110.168,9238.55,10,1.0184479257824792,1,0.2192795646576829
908,C1087,6677.55,8.806656177100223,4560.190625,9756.96,16,1.4643137862246711,1,0.15788195473593936
909,C1090,3944.08,8.28022451190833,5317.264375,9237.28,16,0.7417498401139778,1,0.1634449390226801
915,C1042,2726.53,7.911151716730147,5305.743636363636,8637.23,11,0.5138827253758278,1,0.18805398238286697
922,C1095,154.49,5.046581420869725,4509.455555555555,9937.65,9,0.0342591246541218,1,0.06644560855321391
925,C1016,9399.49,9.14851709455907,4916.9766666666665,9399.49,12,1.911640147434772,1,0.1448997594094385
927,C1095,6705.18,8.810784768300302,4509.455555555555,9937.65,9,1.4869156414546227,1,0.19161271670319546
930,C1040,9017.49,9.107032193277794,4365.485000000001,9017.49,16,2.065633028174418,1,0.08750739453360656
933,C1038,3581.73,8.183880358618504,3299.764545454546,8865.4,11,1.0854501739931306,1,0.17432687252389456
934,C1009,9876.56,9.198020796678636,5249.364545454546,9876.56,11,1.881477255861792,1,0.1365830118362834
936,C1060,3705.96,8.217967412695968,4820.861111111111,9622.87,9,0.7687340320712643,1,0.20500865936174056
937,C1033,1835.57,7.515654980514813,5039.013,8413.84,10,0.3642717333731824,1,0.175992457743684
939,C1076,2307.82,7.74449185049075,5563.6362500000005,9503.1,8,0.4148042568383222,1,0.17821627015921482
940,C1045,5987.14,8.69753612535973,5723.765555555556,9318.22,9,1.046014191512231,1,0.2058638787228893
943,C1041,338.54,5.827591760382488,5640.422222222222,9327.78,9,0.060020329447362,1,0.10095878726455965
944,C1086,5200.42,8.55668694421388,4640.49125,8719.34,16,1.1206615247900749,1,0.16856246577041778
948,C1083,3391.86,8.129428502512383,4036.3981818181824,9773.86,11,0.8403184837607245,1,0.19915179883574619
950,C1036,4484.91,8.408696652462494,4926.597777777777,8819.61,9,0.9103462881077724,1,0.21235917819651218
952,C1096,2859.43,7.958727242162872,4606.570909090909,8962.25,11,0.6207285324441687,1,0.19854065517809705
953,C1030,8972.05,9.101980919554904,5110.168,9238.55,10,1.755725056397363,1,0.17623238783730838
957,C1042,7038.83,8.859339301133254,5305.743636363636,8637.23,11,1.3266434419783155,1,0.1962747763388249
959,C1076,4779.26,8.472250217311679,5563.6362500000005,9503.1,8,0.8590173378067266,1,0.19763157020785005
967,C1039,1353.65,7.211298397364917,3958.641818181818,9996.16,11,0.3419480877968707,1,0.1548934963776688
970,C1004,8740.34,9.07581877497537,6327.619090909091,9731.18,11,1.3812999604475675,1,0.17347244639008597
973,C1059,8461.51,9.043401098903733,7028.583333333333,9774.57,6,1.2038713349062755,1,0.12285210283279763
977,C1096,8962.25,9.1008881634151,4606.570909090909,8962.25,11,1.94553609981631,1,0.15593261779437667
979,C1061,9886.73,9.19904987349942,5766.68,9886.73,10,1.714457885646507,1,0.13775285718725483
982,C1020,1157.01,7.054458293674238,3496.548181818181,9070.37,11,0.3309006310899346,1,0.1562723739051951
983,C1095,809.4,6.697527952934474,4509.455555555555,9937.65,9,0.1794895170887838,1,0.15245784659446177
989,C1019,1779.51,7.484655119101948,3016.2025000000003,9018.94,8,0.589983596923615,1,0.13911852065794494
997,C1047,7110.18,8.869423472458665,4385.52,7846.68,7,1.621285503201445,1,0.15160141257137177
998,C1046,6465.87,8.774447499187948,7408.965454545454,9573.38,11,0.872708887586072,1,0.14667004626252922
