customer_id,transaction_id,amount,location,timestamp,merchant,date,hour,is_high_value,customer_avg_amount,customer_max_amount,customer_transaction_count,amount_vs_customer_avg
C1015,9,6961.96,New York,2026-10-01T21:31:48.860+05:30,Myntra,2026-10-01,21,false,4792.305,9067.24,12,1.4527372527416347
C1092,10,5899.94,New York,2026-10-02T17:48:48.860+05:30,Flipkart,2026-10-02,17,false,4277.000909090909,9818.04,11,1.3794572705045443
C1055,11,8818.58,Chennai,2026-10-02T13:10:48.860+05:30,Zomato,2026-10-02,13,false,4684.112142857142,8818.58,14,1.8826577441036625
C1022,13,4011.83,London,2026-10-05T03:36:48.860+05:30,Flipkart,2026-10-05,3,false,3177.713333333333,9696.32,9,1.262489588949706
C1089,16,8616.06,Pune,2026-10-03T10:50:48.860+05:30,Uber,2026-10-03,10,false,6255.949,9690.93,10,1.377258670107445
C1015,18,8022.64,Pune,2026-10-07T20:06:48.860+05:30,Zomato,2026-10-07,20,false,4792.305,9067.24,12,1.6740670721083069
C1050,19,6404.13,Hyderabad,2026-10-02T11:02:48.860+05:30,Uber,2026-10-02,11,false,4920.444444444444,9646.04,9,1.3015348658657755
C1030,22,5900.34,Delhi,2026-10-05T23:14:48.860+05:30,Uber,2026-10-05,23,false,5110.168000000001,9238.55,10,1.1546274016822928
C1079,23,6471.69,Delhi,2026-10-02T09:31:48.860+05:30,Zomato,2026-10-02,9,false,4736.718333333333,9670.93,18,1.3662813670927587
C1086,24,7710.64,Pune,2026-10-02T09:55:48.860+05:30,Amazon,2026-10-02,9,false,4640.491249999999,8719.34,16,1.6615999437559552
C1079,25,4561.03,Bangalore,2026-10-05T12:43:48.860+05:30,Uber,2026-10-05,12,false,4736.718333333333,9670.93,18,0.9629092715737443
C1053,26,8467.21,New York,2026-10-03T16:59:48.860+05:30,Swiggy,2026-10-03,16,false,5294.120000000001,9965.44,14,1.5993611780616983
C1018,28,942.56,Pune,2026-10-05T17:14:48.860+05:30,Uber,2026-10-05,17,false,5248.64,8985.31,10,0.1795817583221558
C1000,30,4205.27,Hyderabad,2026-10-05T01:24:48.860+05:30,Myntra,2026-10-05,1,false,3568.2321428571427,9240.38,14,1.1785303846943016
C1032,34,7472.84,Chennai,2026-10-07T02:43:48.860+05:30,Uber,2026-10-07,2,false,4781.380909090909,8800.82,11,1.56290413629079
C1068,36,1318.5,Delhi,2026-10-03T02:56:48.860+05:30,Walmart,2026-10-03,2,false,5260.007500000001,9461.27,8,0.25066504182741184
C1066,38,3014.5,Delhi,2026-10-01T16:49:48.860+05:30,Walmart,2026-10-01,16,false,3139.325714285714,6024.31,7,0.9602380492990306
C1021,39,9757.58,Hyderabad,2026-10-04T11:47:48.860+05:30,Swiggy,2026-10-04,11,false,5678.83125,9757.58,8,1.718237357378774
C1009,41,5958.38,Hyderabad,2026-10-07T18:40:48.860+05:30,Uber,2026-10-07,18,false,5249.364545454544,9876.56,11,1.135066911129157
C1010,44,6104.1,New York,2026-10-06T00:14:48.860+05:30,Swiggy,2026-10-06,0,false,4498.433333333333,8140.28,9,1.3569390824953873
C1080,47,8500.72,Chennai,2026-10-07T02:16:48.860+05:30,Uber,2026-10-07,2,false,5252.084545454545,9562.84,11,1.618542109600465
C1041,50,6513.68,Mumbai,2026-10-05T15:33:48.860+05:30,Walmart,2026-10-05,15,false,5640.422222222223,9327.78,9,1.1548213490715824
C1062,55,9531.57,Pune,2026-10-04T08:55:48.860+05:30,Flipkart,2026-10-04,8,false,5481.721111111112,9531.57,9,1.738791486615416
C1071,57,8528.2,Bangalore,2026-10-01T10:10:48.860+05:30,Myntra,2026-10-01,10,false,4354.5230769230775,8528.2,13,1.9584693545879792
C1038,59,537.33,Mumbai,2026-10-06T05:07:48.860+05:30,Amazon,2026-10-06,5,false,3299.764545454546,8865.4,11,0.1628388912597345
C1028,60,3522.68,Bangalore,2026-10-07T18:20:48.860+05:30,Zomato,2026-10-07,18,false,4915.713333333333,7327.73,6,0.7166162388096946
C1096,65,4211.71,Pune,2026-10-04T21:25:48.860+05:30,Zomato,2026-10-04,21,false,4606.570909090909,8962.25,11,0.9142831149496333
C1020,67,2453.59,Hyderabad,2026-10-01T16:35:48.860+05:30,Zomato,2026-10-01,16,false,3496.5481818181825,9070.37,11,0.7017177720468731
C1005,71,8448.1,Delhi,2026-10-02T05:40:48.860+05:30,Walmart,2026-10-02,5,false,4320.857499999999,8448.1,12,1.9551906074199397
C1094,72,1664.31,Pune,2026-10-07T07:45:48.860+05:30,Apple,2026-10-07,7,false,4499.112857142858,8718.84,7,0.3699195936722763
C1022,73,5164.25,Mumbai,2026-10-04T14:50:48.860+05:30,Walmart,2026-10-04,14,false,3177.713333333333,9696.32,9,1.625146593881974
C1007,75,374.26,New York,2026-10-05T23:27:48.860+05:30,Walmart,2026-10-05,23,false,5566.350666666667,9837.03,15,0.06723615208815446
C1064,76,3983.67,Bangalore,2026-10-06T14:48:48.860+05:30,Zomato,2026-10-06,14,false,5247.81375,9353.4,16,0.7591104009741199
C1094,77,1206.63,Bangalore,2026-10-06T06:29:48.860+05:30,Zomato,2026-10-06,6,false,4499.112857142858,8718.84,7,0.2681928723091123
C1081,78,2308.4,Hyderabad,2026-10-03T20:09:48.860+05:30,Swiggy,2026-10-03,20,false,5991.9063636363635,9147.69,11,0.3852530163036593
C1034,80,5132.65,Pune,2026-10-06T23:12:48.860+05:30,Apple,2026-10-06,23,false,4935.611,8095.92,10,1.0399219063252756
C1072,95,3822.49,Chennai,2026-10-02T07:01:48.861+05:30,Flipkart,2026-10-02,7,false,3519.8769999999995,7597.02,10,1.0859726064291453
C1054,101,837.6,Bangalore,2026-10-06T16:32:48.861+05:30,Zomato,2026-10-06,16,false,5577.102857142856,7997.02,7,0.15018550337963493
C1045,103,7835.83,Pune,2026-10-06T06:37:48.861+05:30,Apple,2026-10-06,6,false,5723.765555555556,9318.22,9,1.368999118490178
C1055,104,3637.64,Chennai,2026-10-01T19:35:48.861+05:30,Walmart,2026-10-01,19,false,4684.112142857142,8818.58,14,0.7765911423677334
C1087,112,5325.58,Delhi,2026-10-07T06:49:48.861+05:30,Amazon,2026-10-07,6,false,4560.190625,9756.96,16,1.1678415307474126
C1051,118,139.09,Chennai,2026-10-06T18:16:48.861+05:30,Swiggy,2026-10-06,18,false,4670.660833333334,9866.55,12,0.029779511928451234
C1000,119,1482.71,Delhi,2026-10-07T17:14:48.861+05:30,Uber,2026-10-07,17,false,3568.2321428571427,9240.38,14,0.41553069997647896
C1090,121,6422.87,Hyderabad,2026-10-02T16:39:48.861+05:30,Apple,2026-10-02,16,false,5317.264375,9237.28,16,1.2079275257025377
C1056,124,5993.3,Delhi,2026-10-01T19:54:48.861+05:30,Amazon,2026-10-01,19,false,6002.706666666667,9969.37,9,0.9984329291452967
C1023,127,398.13,London,2026-10-05T14:49:48.861+05:30,Uber,2026-10-05,14,false,5220.455,9934.09,8,0.07626346745638071
C1033,132,8413.84,Mumbai,2026-10-07T20:56:48.861+05:30,Apple,2026-10-07,20,false,5039.013,8413.84,10,1.6697396891018141
C1029,133,436.9,London,2026-10-02T16:40:48.861+05:30,Walmart,2026-10-02,16,false,1521.0399999999997,3519.08,7,0.28723767948245943
C1091,135,5597.28,New York,2026-10-05T11:51:48.861+05:30,Myntra,2026-10-05,11,false,4808.191818181818,9368.84,11,1.164113290745661
C1090,138,530.98,New York,2026-10-05T20:14:48.861+05:30,Zomato,2026-10-05,20,false,5317.264375,9237.28,16,0.09985962001372183
C1078,141,5783.59,London,2026-10-02T00:13:48.861+05:30,Flipkart,2026-10-02,0,false,5396.48875,7895.83,8,1.0717320591097312
C1074,145,4604.3,New York,2026-10-05T02:40:48.861+05:30,Walmart,2026-10-05,2,false,4487.674999999999,9739.14,8,1.0259878444851736
C1100,154,6534.47,Bangalore,2026-10-05T07:00:48.861+05:30,Uber,2026-10-05,7,false,4901.259999999999,8566.26,16,1.3332224774853816
C1009,157,3430.31,Hyderabad,2026-10-05T13:29:48.861+05:30,Walmart,2026-10-05,13,false,5249.364545454544,9876.56,11,0.6534714764609606
C1001,162,735.09,Bangalore,2026-10-02T04:40:48.861+05:30,Walmart,2026-10-02,4,false,88469.96499999998,500000.0,6,0.008308921564510624
C1060,164,4094.93,Delhi,2026-10-03T21:00:48.861+05:30,Amazon,2026-10-03,21,false,4820.861111111111,9622.87,9,0.8494187875610051
C1072,167,905.9,Chennai,2026-10-01T15:56:48.861+05:30,Myntra,2026-10-01,15,false,3519.8769999999995,7597.02,10,0.25736694776550434
C1020,168,846.11,Mumbai,2026-10-03T21:01:48.861+05:30,Amazon,2026-10-03,21,false,3496.5481818181825,9070.37,11,0.24198436743978408
C1008,175,4219.12,Delhi,2026-10-06T04:27:48.861+05:30,Apple,2026-10-06,4,false,5705.191428571428,9704.91,7,0.7395229507761603
C1008,178,8263.59,London,2026-10-06T14:12:48.861+05:30,Amazon,2026-10-06,14,false,5705.191428571428,9704.91,7,1.4484334318067205
C1035,179,8742.85,Delhi,2026-10-03T14:22:48.861+05:30,Apple,2026-10-03,14,false,7577.179090909091,9644.2,11,1.1538396935199078
C1019,182,1845.54,New York,2026-10-03T17:02:48.861+05:30,Amazon,2026-10-03,17,false,3016.2024999999994,9018.94,8,0.6118753631428925
C1057,183,4930.37,Bangalore,2026-10-04T07:37:48.861+05:30,Swiggy,2026-10-04,7,false,5217.679090909091,8393.37,11,0.9449354615523062
C1071,187,5392.29,Hyderabad,2026-10-07T02:07:48.861+05:30,Uber,2026-10-07,2,false,4354.5230769230775,8528.2,13,1.2383193072455165
C1014,189,6660.99,Bangalore,2026-10-03T04:28:48.861+05:30,Uber,2026-10-03,4,false,3020.477777777777,6660.99,9,2.2052769429413304
C1081,193,8226.53,Mumbai,2026-10-02T14:19:48.861+05:30,Apple,2026-10-02,14,false,5991.9063636363635,9147.69,11,1.372940346652462
C1048,194,619.53,New York,2026-10-02T12:07:48.861+05:30,Flipkart,2026-10-02,12,false,3088.6000000000004,7022.42,8,0.2005860260312115
C1014,196,2861.5,Bangalore,2026-10-01T18:32:48.861+05:30,Walmart,2026-10-01,18,false,3020.477777777777,6660.99,9,0.9473666785607872
C1098,199,7832.73,Mumbai,2026-10-02T09:03:48.861+05:30,Flipkart,2026-10-02,9,false,5336.942857142857,9110.41,7,1.467643594781389
C1054,202,4781.01,Delhi,2026-10-06T22:31:48.861+05:30,Myntra,2026-10-06,22,false,5577.102857142856,7997.02,7,0.8572569168016576
C1016,206,1023.33,Mumbai,2026-10-02T12:40:48.861+05:30,Swiggy,2026-10-02,12,false,4916.9766666666665,9399.49,12,0.20812179299881434
C1040,209,1329.88,New York,2026-10-01T23:14:48.861+05:30,Swiggy,2026-10-01,23,false,4365.485,9017.49,16,0.3046351092719366
C1073,211,145.64,Mumbai,2026-10-01T15:40:48.861+05:30,Myntra,2026-10-01,15,false,3618.4620000000004,8430.09,10,0.04024914452604448
C1087,213,274.41,Mumbai,2026-10-06T11:26:48.861+05:30,Walmart,2026-10-06,11,false,4560.190625,9756.96,16,0.060175116034760064
C1011,215,3704.92,Chennai,2026-10-04T11:12:48.861+05:30,Apple,2026-10-04,11,false,5951.5075,9810.61,8,0.6225179082778607
C1036,218,8819.61,Chennai,2026-10-05T12:09:48.861+05:30,Amazon,2026-10-05,12,false,4926.597777777778,8819.61,9,1.790202975323516
C1036,220,4405.97,Delhi,2026-10-03T22:07:48.861+05:30,Swiggy,2026-10-03,22,false,4926.597777777778,8819.61,9,0.8943230599976816
C1000,221,2072.61,Delhi,2026-10-05T08:13:48.861+05:30,Zomato,2026-10-05,8,false,3568.2321428571427,9240.38,14,0.5808506613419011
C1067,225,4230.52,Chennai,2026-10-07T22:35:48.861+05:30,Apple,2026-10-07,22,false,3931.5922222222216,6212.17,9,1.0760322436513567
C1026,232,975.1,Mumbai,2026-10-05T09:22:48.862+05:30,Zomato,2026-10-05,9,false,3868.7271428571426,8996.06,7,0.25204672337782563
C1011,235,5875.48,Pune,2026-10-07T20:05:48.862+05:30,Swiggy,2026-10-07,20,false,5951.5075,9810.61,8,0.9872255054706728
C1069,241,8870.28,Delhi,2026-10-02T15:40:48.862+05:30,Zomato,2026-10-02,15,false,6014.573333333334,8870.28,9,1.4747978798163572
C1091,242,3362.41,Mumbai,2026-10-01T17:15:48.862+05:30,Myntra,2026-10-01,17,false,4808.191818181818,9368.84,11,0.6993086231055295
C1044,251,1889.32,Delhi,2026-10-01T14:55:48.862+05:30,Amazon,2026-10-01,14,false,4062.3511111111115,7154.07,9,0.4650804296143776
C1089,253,7853.3,Delhi,2026-10-03T07:49:48.862+05:30,Uber,2026-10-03,7,false,6255.949,9690.93,10,1.2553331237195189
C1050,262,1284.18,New York,2026-10-05T17:20:48.862+05:30,Apple,2026-10-05,17,false,4920.444444444444,9646.04,9,0.26098861891428055
C1012,264,1440.13,Delhi,2026-10-05T00:44:48.862+05:30,Myntra,2026-10-05,0,false,3703.6549999999997,9166.13,18,0.3888402132488043
C1012,265,7739.55,Pune,2026-10-04T02:58:48.862+05:30,Zomato,2026-10-04,2,false,3703.6549999999997,9166.13,18,2.0897059796336324
C1093,267,337.36,Mumbai,2026-10-06T14:00:48.862+05:30,Uber,2026-10-06,14,false,5020.352142857143,9724.73,14,0.06719847341385984
C1034,271,3403.51,Bangalore,2026-10-02T00:06:48.862+05:30,Flipkart,2026-10-02,0,false,4935.611,8095.92,10,0.689582302981333
C1010,284,4220.25,New York,2026-10-03T21:30:48.862+05:30,Zomato,2026-10-03,21,false,4498.433333333333,8140.28,9,0.9381599519832831
C1031,285,5865.74,Bangalore,2026-10-05T01:05:48.862+05:30,Walmart,2026-10-05,1,false,6461.551,9870.47,10,0.9077913336906263
C1041,286,5207.67,Mumbai,2026-10-04T17:54:48.862+05:30,Myntra,2026-10-04,17,false,5640.422222222223,9327.78,9,0.9232766262572935
C1086,287,4002.62,Delhi,2026-10-07T22:03:48.862+05:30,Flipkart,2026-10-07,22,false,4640.491249999999,8719.34,16,0.8625423008824767
C1058,289,2276.88,Hyderabad,2026-10-04T11:47:48.862+05:30,Amazon,2026-10-04,11,false,4589.3133333333335,8872.59,9,0.4961265083955915
C1000,293,978.7,Hyderabad,2026-10-07T05:52:48.862+05:30,Myntra,2026-10-07,5,false,3568.2321428571427,9240.38,14,0.27428148192632407
C1067,302,3491.45,Bangalore,2026-10-02T01:49:48.862+05:30,Flipkart,2026-10-02,1,false,3931.5922222222216,6212.17,9,0.8880498797066386
C1037,303,273.62,Bangalore,2026-10-03T01:34:48.862+05:30,Uber,2026-10-03,1,false,3899.558333333333,8255.79,6,0.07016692061280445
C1087,305,9733.74,Delhi,2026-10-06T21:06:48.862+05:30,Walmart,2026-10-06,21,false,4560.190625,9756.96,16,2.1345028750854027
C1037,309,2455.17,New York,2026-10-05T10:09:48.862+05:30,Uber,2026-10-05,10,false,3899.558333333333,8255.79,6,0.6296020703199294
C1028,311,4954.0,Hyderabad,2026-10-04T11:43:48.862+05:30,Zomato,2026-10-04,11,false,4915.713333333333,7327.73,6,1.007788628846
C1015,313,757.61,Delhi,2026-10-02T10:09:48.862+05:30,Amazon,2026-10-02,10,false,4792.305,9067.24,12,0.1580888528589061
C1085,324,4324.57,Pune,2026-10-02T16:35:48.862+05:30,Zomato,2026-10-02,16,false,5215.24125,8005.24,8,0.8292176320702326
C1007,325,8928.13,Chennai,2026-10-01T22:40:48.862+05:30,Amazon,2026-10-01,22,false,5566.350666666667,9837.03,15,1.6039467390124897
C1030,326,9238.55,Chennai,2026-10-03T04:55:48.862+05:30,Amazon,2026-10-03,4,false,5110.168000000001,9238.55,10,1.8078759837249965
C1074,327,869.8,Pune,2026-10-01T14:58:48.862+05:30,Zomato,2026-10-01,14,false,4487.674999999999,9739.14,8,0.19381973962018195
C1063,328,6380.04,Mumbai,2026-10-07T22:51:48.862+05:30,Zomato,2026-10-07,22,false,7277.253333333334,9382.16,9,0.8767098942091704
C1003,332,3197.5,Delhi,2026-10-01T17:44:48.862+05:30,Zomato,2026-10-01,17,false,4258.298333333334,9852.61,6,0.7508867978954034
C1086,335,5124.66,Delhi,2026-10-06T18:20:48.862+05:30,Uber,2026-10-06,18,false,4640.491249999999,8719.34,16,1.1043356670481819
C1000,337,6837.45,Pune,2026-10-07T03:04:48.862+05:30,Myntra,2026-10-07,3,false,3568.2321428571427,9240.38,14,1.9162009998949059
C1075,338,8849.8,Pune,2026-10-05T10:52:48.862+05:30,Swiggy,2026-10-05,10,false,7032.543999999999,9857.36,10,1.2584066306588342
C1079,345,4053.15,Pune,2026-10-02T01:00:48.862+05:30,Myntra,2026-10-02,1,false,4736.718333333333,9670.93,18,0.8556873587937641
C1075,348,4823.55,Delhi,2026-10-04T05:19:48.862+05:30,Walmart,2026-10-04,5,false,7032.543999999999,9857.36,10,0.6858897718947796
C1068,350,7781.47,New York,2026-10-01T05:50:48.862+05:30,Walmart,2026-10-01,5,false,5260.007500000001,9461.27,8,1.4793648107916195
C1009,352,6146.31,Mumbai,2026-10-05T03:53:48.862+05:30,Flipkart,2026-10-05,3,false,5249.364545454544,9876.56,11,1.1708674348635448
C1016,369,866.39,London,2026-10-06T05:44:48.862+05:30,Swiggy,2026-10-06,5,false,4916.9766666666665,9399.49,12,0.1762038054549781
C1048,372,4868.35,Bangalore,2026-10-01T19:18:48.862+05:30,Walmart,2026-10-01,19,false,3088.6000000000004,7022.42,8,1.576231949750696
C1035,377,6621.11,New York,2026-10-02T00:50:48.862+05:30,Walmart,2026-10-02,0,false,7577.179090909091,9644.2,11,0.8738225559356041
C1072,378,2778.15,Pune,2026-10-07T18:17:48.862+05:30,Swiggy,2026-10-07,18,false,3519.8769999999995,7597.02,10,0.7892747388616138
C1008,385,4171.73,Delhi,2026-10-07T00:23:48.862+05:30,Amazon,2026-10-07,0,false,5705.191428571428,9704.91,7,0.7312164810295585
C1093,387,3929.36,London,2026-10-01T07:08:48.862+05:30,Zomato,2026-10-01,7,false,5020.352142857143,9724.73,14,0.7826861320058226
C1097,392,3744.38,Mumbai,2026-10-03T19:47:48.862+05:30,Amazon,2026-10-03,19,false,5611.780909090909,9330.36,11,0.667235599653262
C1078,401,1876.7,Pune,2026-10-07T14:47:48.862+05:30,Apple,2026-10-07,14,false,5396.48875,7895.83,8,0.3477631635941055
C1081,404,2035.52,Hyderabad,2026-10-05T13:03:48.862+05:30,Uber,2026-10-05,13,false,5991.9063636363635,9147.69,11,0.33971158367112486
C1050,405,9646.04,Mumbai,2026-10-03T16:30:48.862+05:30,Flipkart,2026-10-03,16,false,4920.444444444444,9646.04,9,1.9604001445217236
C1100,406,1054.27,London,2026-10-06T02:28:48.862+05:30,Swiggy,2026-10-06,2,false,4901.259999999999,8566.26,16,0.21510183095775376
C1088,407,8512.45,Chennai,2026-10-06T06:55:48.862+05:30,Apple,2026-10-06,6,false,4964.531666666667,9431.24,6,1.714653178094342
C1047,409,1750.24,Hyderabad,2026-10-02T22:13:48.862+05:30,Myntra,2026-10-02,22,false,4385.5199999999995,7846.68,7,0.3990952042175159
C1005,421,3139.89,Pune,2026-10-04T12:18:48.862+05:30,Walmart,2026-10-04,12,false,4320.857499999999,8448.1,12,0.7266821458472075
C1054,424,5758.04,Hyderabad,2026-10-02T20:27:48.862+05:30,Flipkart,2026-10-02,20,false,5577.102857142856,7997.02,7,1.0324428556352352
C1031,426,3597.97,London,2026-10-01T23:52:48.862+05:30,Apple,2026-10-01,23,false,6461.551,9870.47,10,0.5568276099654711
C1053,430,9010.66,Hyderabad,2026-10-06T07:49:48.863+05:30,Swiggy,2026-10-06,7,false,5294.120000000001,9965.44,14,1.7020127991054224
C1072,431,3713.08,Chennai,2026-10-02T23:30:48.863+05:30,Apple,2026-10-02,23,false,3519.8769999999995,7597.02,10,1.054889133910077
C1035,432,8048.97,Hyderabad,2026-10-07T06:29:48.863+05:30,Amazon,2026-10-07,6,false,7577.179090909091,9644.2,11,1.062264716648568
C1016,443,537.29,Chennai,2026-10-03T18:35:48.863+05:30,Walmart,2026-10-03,18,false,4916.9766666666665,9399.49,12,0.10927243231443712
C1089,446,3583.18,Chennai,2026-10-06T11:29:48.863+05:30,Swiggy,2026-10-06,11,false,6255.949,9690.93,10,0.5727636206752964
C1086,447,4799.65,Chennai,2026-10-03T21:37:48.863+05:30,Apple,2026-10-03,21,false,4640.491249999999,8719.34,16,1.0342978235332305
C1066,448,6024.31,London,2026-10-04T00:20:48.863+05:30,Myntra,2026-10-04,0,false,3139.325714285714,6024.31,7,1.9189821472126865
C1018,450,3837.47,Mumbai,2026-10-04T08:03:48.863+05:30,Amazon,2026-10-04,8,false,5248.64,8985.31,10,0.7311360657236922
C1097,453,7024.92,Chennai,2026-10-03T11:15:48.863+05:30,Walmart,2026-10-03,11,false,5611.780909090909,9330.36,11,1.2518165113359736
C1067,456,3416.04,Delhi,2026-10-07T21:58:48.863+05:30,Myntra,2026-10-07,21,false,3931.5922222222216,6212.17,9,0.8688693554463234
C1075,458,9558.31,Pune,2026-10-06T04:27:48.863+05:30,Apple,2026-10-06,4,false,7032.543999999999,9857.36,10,1.3591539562354678
C1083,460,4258.58,Mumbai,2026-10-07T12:00:48.863+05:30,Apple,2026-10-07,12,false,4036.3981818181824,9773.86,11,1.0550445739428356
C1056,464,3950.83,Hyderabad,2026-10-01T11:24:48.863+05:30,Apple,2026-10-01,11,false,6002.706666666667,9969.37,9,0.658174756720857
C1041,465,9327.78,Mumbai,2026-10-01T00:19:48.863+05:30,Amazon,2026-10-01,0,false,5640.422222222223,9327.78,9,1.6537378998420131
C1032,468,6584.97,Hyderabad,2026-10-03T17:02:48.863+05:30,Swiggy,2026-10-03,17,false,4781.380909090909,8800.82,11,1.3772109198578806
C1060,470,9622.87,New York,2026-10-04T02:01:48.863+05:30,Amazon,2026-10-04,2,false,4820.861111111111,9622.87,9,1.996089449210895
C1009,472,5729.48,New York,2026-10-01T22:23:48.863+05:30,Myntra,2026-10-01,22,false,5249.364545454544,9876.56,11,1.0914616331916194
C1044,479,3491.51,Mumbai,2026-10-03T12:05:48.863+05:30,Zomato,2026-10-03,12,false,4062.3511111111115,7154.07,9,0.8594801149635296
C1074,481,3902.33,Mumbai,2026-10-03T05:04:48.863+05:30,Walmart,2026-10-03,5,false,4487.674999999999,9739.14,8,0.8695660893447054
C1012,484,1812.11,Bangalore,2026-10-01T12:50:48.863+05:30,Apple,2026-10-01,12,false,3703.6549999999997,9166.13,18,0.4892761339811619
C1056,486,9146.6,London,2026-10-02T19:27:48.863+05:30,Apple,2026-10-02,19,false,6002.706666666667,9969.37,9,1.5237459546027015
C1071,487,4559.66,London,2026-10-02T03:31:48.863+05:30,Amazon,2026-10-02,3,false,4354.5230769230775,8528.2,13,1.0471089300603438
C1037,493,2516.99,Bangalore,2026-10-05T02:29:48.863+05:30,Amazon,2026-10-05,2,false,3899.558333333333,8255.79,6,0.6454551476983504
C1100,498,4647.86,Pune,2026-10-06T20:38:48.863+05:30,Apple,2026-10-06,20,false,4901.259999999999,8566.26,16,0.9482990088263019
C1029,500,1831.49,London,2026-10-07T00:35:48.863+05:30,Amazon,2026-10-07,0,false,1521.0399999999997,3519.08,7,1.2041037711039817
C1100,502,8566.26,Delhi,2026-10-03T21:54:48.863+05:30,Zomato,2026-10-03,21,false,4901.259999999999,8566.26,16,1.7477669007561323
C1053,503,9965.44,Delhi,2026-10-06T20:14:48.863+05:30,Myntra,2026-10-06,20,false,5294.120000000001,9965.44,14,1.882360052284421
C1027,506,7640.27,Pune,2026-10-05T07:03:48.863+05:30,Apple,2026-10-05,7,false,6337.765714285715,9016.94,7,1.2055147420136343
C1024,507,7831.76,London,2026-10-06T23:27:48.863+05:30,Swiggy,2026-10-06,23,false,5167.605714285715,8413.34,7,1.5155490633407456
C1100,511,4592.57,Pune,2026-10-01T15:17:48.863+05:30,Uber,2026-10-01,15,false,4901.259999999999,8566.26,16,0.9370182361270368
C1079,520,7254.19,Mumbai,2026-10-03T23:58:48.863+05:30,Amazon,2026-10-03,23,false,4736.718333333333,9670.93,18,1.531480128119644
C1046,523,7378.9,Chennai,2026-10-06T22:34:48.863+05:30,Flipkart,2026-10-06,22,false,7408.965454545454,9573.38,11,0.9959420171777141
C1085,524,3604.72,New York,2026-10-06T23:52:48.863+05:30,Myntra,2026-10-06,23,false,5215.24125,8005.24,8,0.691189501540317
C1024,525,7430.95,New York,2026-10-03T14:57:48.863+05:30,Swiggy,2026-10-03,14,false,5167.605714285715,8413.34,7,1.4379870312971685
C1032,532,8800.82,Bangalore,2026-10-05T16:03:48.863+05:30,Flipkart,2026-10-05,16,false,4781.380909090909,8800.82,11,1.840643982843298
C1089,535,5918.38,Mumbai,2026-10-07T17:28:48.863+05:30,Walmart,2026-10-07,17,false,6255.949,9690.93,10,0.9460403209808776
C1051,536,9866.55,Chennai,2026-10-04T19:03:48.863+05:30,Zomato,2026-10-04,19,false,4670.660833333334,9866.55,12,2.1124526811248865
C1091,538,3458.19,Mumbai,2026-10-06T17:26:48.863+05:30,Myntra,2026-10-06,17,false,4808.191818181818,9368.84,11,0.7192287934360507
C1050,540,4774.7,Pune,2026-10-03T11:54:48.863+05:30,Amazon,2026-10-03,11,false,4920.444444444444,9646.04,9,0.9703798211543673
C1033,544,5731.92,Mumbai,2026-10-04T18:49:48.863+05:30,Walmart,2026-10-04,18,false,5039.013,8413.84,10,1.1375084763623353
C1081,545,8868.99,Pune,2026-10-07T00:40:48.863+05:30,Uber,2026-10-07,0,false,5991.9063636363635,9147.69,11,1.480161648356867
C1079,546,8642.43,Mumbai,2026-10-07T06:14:48.863+05:30,Amazon,2026-10-07,6,false,4736.718333333333,9670.93,18,1.824560675094677
C1092,547,147.12,Hyderabad,2026-10-04T17:36:48.863+05:30,Flipkart,2026-10-04,17,false,4277.000909090909,9818.04,11,0.034397935171650657
C1006,551,6489.1,Hyderabad,2026-10-05T19:59:48.863+05:30,Uber,2026-10-05,19,false,6649.928,8374.41,5,0.9758150764940614
C1073,552,8430.09,Chennai,2026-10-01T22:33:48.863+05:30,Walmart,2026-10-01,22,false,3618.4620000000004,8430.09,10,2.3297439630428616
C1064,553,8548.84,London,2026-10-02T17:20:48.863+05:30,Swiggy,2026-10-02,17,false,5247.81375,9353.4,16,1.6290288503474422
C1040,554,8580.18,Hyderabad,2026-10-02T01:24:48.863+05:30,Uber,2026-10-02,1,false,4365.485,9017.49,16,1.9654585916570555
C1072,555,817.46,Delhi,2026-10-01T04:06:48.863+05:30,Swiggy,2026-10-01,4,false,3519.8769999999995,7597.02,10,0.23224106978738182
C1058,557,2963.45,Mumbai,2026-10-02T09:47:48.863+05:30,Walmart,2026-10-02,9,false,4589.3133333333335,8872.59,9,0.6457284096240976
C1043,560,508.46,Pune,2026-10-03T16:24:48.863+05:30,Swiggy,2026-10-03,16,false,5631.042222222222,9788.6,9,0.09029589549043417
C1078,563,5607.04,Pune,2026-10-07T07:56:48.863+05:30,Uber,2026-10-07,7,false,5396.48875,7895.83,8,1.0390163418760021
C1045,566,4610.03,Mumbai,2026-10-04T03:51:48.863+05:30,Apple,2026-10-04,3,false,5723.765555555556,9318.22,9,0.8054190821155226
C1015,581,1279.09,Mumbai,2026-10-03T12:29:48.863+05:30,Myntra,2026-10-03,12,false,4792.305,9067.24,12,0.2669049653559195
C1071,582,7403.76,Delhi,2026-10-07T22:51:48.863+05:30,Swiggy,2026-10-07,22,false,4354.5230769230775,8528.2,13,1.7002458981642428
C1009,586,7250.37,New York,2026-10-04T08:08:48.863+05:30,Walmart,2026-10-04,8,false,5249.364545454544,9876.56,11,1.3811900349496853
C1097,591,2836.3,London,2026-10-06T23:34:48.863+05:30,Apple,2026-10-06,23,false,5611.780909090909,9330.36,11,0.5054188761013965
C1084,594,3075.07,Bangalore,2026-10-02T07:46:48.863+05:30,Myntra,2026-10-02,7,false,4001.246,9211.85,10,0.7685281034957611
C1010,596,8140.28,Mumbai,2026-10-06T03:44:48.863+05:30,Walmart,2026-10-06,3,false,4498.433333333333,8140.28,9,1.8095811134246738
C1097,598,9330.36,Delhi,2026-10-02T18:26:48.863+05:30,Walmart,2026-10-02,18,false,5611.780909090909,9330.36,11,1.6626379666542417
C1011,599,9810.61,New York,2026-10-02T03:52:48.863+05:30,Swiggy,2026-10-02,3,false,5951.5075,9810.61,8,1.6484243697920236
C1017,601,1223.22,Bangalore,2026-10-05T09:49:48.863+05:30,Myntra,2026-10-05,9,false,5446.542857142857,9662.91,7,0.22458650047998993
C1070,602,7394.68,Bangalore,2026-10-04T11:50:48.863+05:30,Walmart,2026-10-04,11,false,6154.828181818182,9486.61,11,1.2014437741486321
C1004,604,4112.52,Bangalore,2026-10-01T19:20:48.863+05:30,Myntra,2026-10-01,19,false,6327.619090909092,9731.18,11,0.649931663223608
C1021,606,4068.19,Pune,2026-10-03T14:12:48.863+05:30,Walmart,2026-10-03,14,false,5678.83125,9757.58,8,0.7163780399355941
C1002,611,9747.25,London,2026-10-03T09:17:48.863+05:30,Flipkart,2026-10-03,9,false,81359.356,750000.0,10,0.11980490602703395
C1006,615,6644.59,Chennai,2026-10-01T17:07:48.863+05:30,Amazon,2026-10-01,17,false,6649.928,8374.41,5,0.9991972845420282
C1024,617,2897.02,Pune,2026-10-05T05:43:48.863+05:30,Flipkart,2026-10-05,5,false,5167.605714285715,8413.34,7,0.5606116565726487
C1085,621,3560.82,Pune,2026-10-06T20:13:48.863+05:30,Zomato,2026-10-06,20,false,5215.24125,8005.24,8,0.6827718660186621
C1043,624,3029.1,London,2026-10-01T03:52:48.863+05:30,Amazon,2026-10-01,3,false,5631.042222222222,9788.6,9,0.5379288381191719
C1091,625,6676.01,Hyderabad,2026-10-05T22:45:48.863+05:30,Amazon,2026-10-05,22,false,4808.191818181818,9368.84,11,1.3884658209256893
C1087,630,5912.32,New York,2026-10-07T17:41:48.863+05:30,Apple,2026-10-07,17,false,4560.190625,9756.96,16,1.2965072046741466
C1097,631,5204.72,Hyderabad,2026-10-05T04:39:48.864+05:30,Uber,2026-10-05,4,false,5611.780909090909,9330.36,11,0.9274631501683391
C1024,633,4070.45,Bangalore,2026-10-01T12:28:48.864+05:30,Uber,2026-10-01,12,false,5167.605714285715,8413.34,7,0.7876858694438207
C1061,635,2533.48,Bangalore,2026-10-05T19:01:48.864+05:30,Myntra,2026-10-05,19,false,5766.68,9886.73,10,0.43933077611381244
C1002,637,9827.14,Pune,2026-10-03T15:32:48.864+05:30,Amazon,2026-10-03,15,false,81359.356,750000.0,10,0.12078684595291043
C1094,643,8023.52,London,2026-10-03T14:24:48.864+05:30,Amazon,2026-10-03,14,false,4499.112857142858,8718.84,7,1.783356020345598
C1018,644,8574.44,Mumbai,2026-10-07T09:39:48.864+05:30,Walmart,2026-10-07,9,false,5248.64,8985.31,10,1.6336498597731983
C1034,645,8095.92,Bangalore,2026-10-05T10:02:48.864+05:30,Flipkart,2026-10-05,10,false,4935.611,8095.92,10,1.6403075526008837
C1059,646,8327.45,Mumbai,2026-10-02T11:40:48.864+05:30,Walmart,2026-10-02,11,false,7028.583333333333,9774.57,6,1.184797789976643
C1086,647,8521.18,Chennai,2026-10-01T20:09:48.864+05:30,Amazon,2026-10-01,20,false,4640.491249999999,8719.34,16,1.8362667961069858
C1087,648,1626.05,Pune,2026-10-06T12:46:48.864+05:30,Flipkart,2026-10-06,12,false,4560.190625,9756.96,16,0.3565750061161094
C1098,649,2994.22,Hyderabad,2026-10-04T02:00:48.864+05:30,Flipkart,2026-10-04,2,false,5336.942857142857,9110.41,7,0.5610365484787974
C1069,650,4149.79,New York,2026-10-04T18:31:48.864+05:30,Flipkart,2026-10-04,18,false,6014.573333333334,8870.28,9,0.6899558405916296
C1019,651,9018.94,Pune,2026-10-07T13:04:48.864+05:30,Walmart,2026-10-07,13,false,3016.2024999999994,9018.94,8,2.990163956166737
C1009,653,1102.32,Chennai,2026-10-07T06:15:48.864+05:30,Walmart,2026-10-07,6,false,5249.364545454544,9876.56,11,0.20999113139408568
C1007,659,4639.55,London,2026-10-07T23:39:48.864+05:30,Walmart,2026-10-07,23,false,5566.350666666667,9837.03,15,0.8334994106252259
C1099,660,1397.98,Delhi,2026-10-05T09:30:48.864+05:30,Swiggy,2026-10-05,9,false,5882.338,8755.63,10,0.2376572036492973
C1012,664,4855.22,Chennai,2026-10-05T12:54:48.864+05:30,Uber,2026-10-05,12,false,3703.6549999999997,9166.13,18,1.310926638685299
C1002,666,5713.76,Pune,2026-10-03T07:11:48.864+05:30,Amazon,2026-10-03,7,false,81359.356,750000.0,10,0.07022867781795127
C1030,670,998.53,Hyderabad,2026-10-05T14:53:48.864+05:30,Flipkart,2026-10-05,14,false,5110.168000000001,9238.55,10,0.1954006208797832
C1086,675,6467.73,Mumbai,2026-10-07T03:46:48.864+05:30,Amazon,2026-10-07,3,false,4640.491249999999,8719.34,16,1.3937597662747454
C1007,677,9480.99,Mumbai,2026-10-01T01:08:48.864+05:30,Zomato,2026-10-01,1,false,5566.350666666667,9837.03,15,1.7032685448251792
C1082,678,5577.28,Pune,2026-10-05T09:42:48.864+05:30,Zomato,2026-10-05,9,false,4236.89,9239.9,7,1.3163617653514723
C1082,689,6481.33,Mumbai,2026-10-03T23:36:48.864+05:30,Zomato,2026-10-03,23,false,4236.89,9239.9,7,1.529737614146225
C1004,690,5897.24,London,2026-10-04T08:10:48.864+05:30,Swiggy,2026-10-04,8,false,6327.619090909092,9731.18,11,0.9319840393794533
C1003,695,9852.61,London,2026-10-06T13:49:48.864+05:30,Apple,2026-10-06,13,false,4258.298333333334,9852.61,6,2.31374347890922
C1093,697,8606.02,New York,2026-10-05T11:36:48.864+05:30,Apple,2026-10-05,11,false,5020.352142857143,9724.73,14,1.7142263640299564
C1025,704,548.48,Bangalore,2026-10-04T22:35:48.864+05:30,Uber,2026-10-04,22,false,3908.816363636364,9574.84,11,0.1403186921500068
C1040,708,3258.2,Chennai,2026-10-01T07:21:48.864+05:30,Walmart,2026-10-01,7,false,4365.485,9017.49,16,0.746354643298511
C1021,714,3848.84,Mumbai,2026-10-02T00:54:48.864+05:30,Uber,2026-10-02,0,false,5678.83125,9757.58,8,0.677752134297
C1012,716,522.23,Delhi,2026-10-06T11:03:48.864+05:30,Walmart,2026-10-06,11,false,3703.6549999999997,9166.13,18,0.14100395420199777
C1077,717,3226.79,Chennai,2026-10-07T08:58:48.864+05:30,Zomato,2026-10-07,8,false,3336.414615384616,8958.28,13,0.967142987901107
C1058,718,6201.24,New York,2026-10-02T12:49:48.864+05:30,Walmart,2026-10-02,12,false,4589.3133333333335,8872.59,9,1.351234825253451
C1032,723,1396.1,Delhi,2026-10-01T17:16:48.864+05:30,Walmart,2026-10-01,17,false,4781.380909090909,8800.82,11,0.29198677673756857
C1080,728,1643.13,Mumbai,2026-09-30T23:58:48.864+05:30,Myntra,2026-09-30,23,false,5252.084545454545,9562.84,11,0.31285292264041314
C1013,733,8683.45,Hyderabad,2026-10-05T18:28:48.864+05:30,Amazon,2026-10-05,18,false,5404.961250000001,9601.16,8,1.6065702598700404
C1054,734,7620.12,Pune,2026-10-03T18:12:48.864+05:30,Myntra,2026-10-03,18,false,5577.102857142856,7997.02,7,1.3663222994427218
C1064,737,4503.13,Hyderabad,2026-10-03T01:44:48.864+05:30,Swiggy,2026-10-03,1,false,5247.81375,9353.4,16,0.8580963834701641
C1026,742,1354.66,Pune,2026-10-04T14:14:48.864+05:30,Amazon,2026-10-04,14,false,3868.7271428571426,8996.06,7,0.3501565114255003
C1004,743,9731.18,Bangalore,2026-10-05T19:05:48.864+05:30,Apple,2026-10-05,19,false,6327.619090909092,9731.18,11,1.5378896643732576
C1036,747,5630.51,Delhi,2026-10-04T23:50:48.864+05:30,Myntra,2026-10-04,23,false,4926.597777777778,8819.61,9,1.1428799861432433
C1096,749,4696.56,Delhi,2026-10-07T05:11:48.864+05:30,Walmart,2026-10-07,5,false,4606.570909090909,8962.25,11,1.0195349409973264
C1051,751,2988.81,London,2026-10-04T22:13:48.864+05:30,Apple,2026-10-04,22,false,4670.660833333334,9866.55,12,0.63991158995524
C1040,754,2939.42,Chennai,2026-10-02T11:19:48.864+05:30,Flipkart,2026-10-02,11,false,4365.485,9017.49,16,0.6733318291094804
C1064,757,8396.56,Bangalore,2026-10-05T04:05:48.864+05:30,Walmart,2026-10-05,4,false,5247.81375,9353.4,16,1.6000110522215083
C1057,758,209.4,Mumbai,2026-10-07T21:58:48.864+05:30,Uber,2026-10-07,21,false,5217.679090909091,8393.37,11,0.04013278631199138
C1100,760,2067.41,Hyderabad,2026-10-02T09:21:48.864+05:30,Zomato,2026-10-02,9,false,4901.259999999999,8566.26,16,0.42181194223526197
C1051,761,4866.19,Delhi,2026-10-03T17:02:48.864+05:30,Myntra,2026-10-03,17,false,4670.660833333334,9866.55,12,1.041863276663384
C1013,765,5883.25,Mumbai,2026-10-04T02:19:48.864+05:30,Uber,2026-10-04,2,false,5404.961250000001,9601.16,8,1.0884906899193771
C1025,773,2774.96,Chennai,2026-10-07T04:52:48.864+05:30,Zomato,2026-10-07,4,false,3908.816363636364,9574.84,11,0.7099233481049134
C1039,777,4745.28,Hyderabad,2026-10-04T08:54:48.864+05:30,Myntra,2026-10-04,8,false,3958.641818181818,9996.16,11,1.1987141595395665
C1030,778,3561.21,Mumbai,2026-10-05T07:53:48.864+05:30,Uber,2026-10-05,7,false,5110.168000000001,9238.55,10,0.6968870690748327
C1075,784,6793.62,Hyderabad,2026-10-05T22:39:48.865+05:30,Apple,2026-10-05,22,false,7032.543999999999,9857.36,10,0.9660259502109053
C1022,786,638.4,Pune,2026-10-03T04:38:48.865+05:30,Amazon,2026-10-03,4,false,3177.713333333333,9696.32,9,0.20089917907426094
C1055,790,3752.53,Hyderabad,2026-10-05T21:32:48.865+05:30,Swiggy,2026-10-05,21,false,4684.112142857142,8818.58,14,0.8011187361776292
C1062,794,3812.78,Chennai,2026-10-04T22:35:48.865+05:30,Uber,2026-10-04,22,false,5481.721111111112,9531.57,9,0.6955443231637103
C1082,796,9239.9,Hyderabad,2026-10-03T12:37:48.865+05:30,Amazon,2026-10-03,12,false,4236.89,9239.9,7,2.1808213099702844
C1073,797,2329.45,London,2026-10-07T06:57:48.865+05:30,Apple,2026-10-07,6,false,3618.4620000000004,8430.09,10,0.6437679876146273
C1074,799,6641.59,Chennai,2026-10-03T10:10:48.865+05:30,Apple,2026-10-03,10,false,4487.674999999999,9739.14,8,1.4799623413014538
C1082,801,1227.66,Hyderabad,2026-10-03T19:03:48.865+05:30,Amazon,2026-10-03,19,false,4236.89,9239.9,7,0.28975498537842614
C1065,802,143.35,London,2026-10-07T02:38:48.865+05:30,Zomato,2026-10-07,2,false,4327.495,8471.69,8,0.03312539933610553
C1025,805,2922.61,New York,2026-10-05T01:28:48.865+05:30,Amazon,2026-10-05,1,false,3908.816363636364,9574.84,11,0.7476969312728475
C1045,806,6722.88,Delhi,2026-10-07T00:57:48.865+05:30,Myntra,2026-10-07,0,false,5723.765555555556,9318.22,9,1.1745554451430478
C1005,810,2170.91,Chennai,2026-10-04T01:27:48.865+05:30,Uber,2026-10-04,1,false,4320.857499999999,8448.1,12,0.5024257337808526
C1078,813,7895.83,Delhi,2026-10-04T03:00:48.865+05:30,Swiggy,2026-10-04,3,false,5396.48875,7895.83,8,1.4631421218102232
C1077,816,1180.94,Bangalore,2026-10-01T00:52:48.865+05:30,Myntra,2026-10-01,0,false,3336.414615384616,8958.28,13,0.35395480961944636
C1075,817,5672.59,Mumbai,2026-10-04T16:22:48.865+05:30,Uber,2026-10-04,16,false,7032.543999999999,9857.36,10,0.8066199088125152
C1092,821,1403.55,Mumbai,2026-10-02T13:42:48.865+05:30,Amazon,2026-10-02,13,false,4277.000909090909,9818.04,11,0.32816219351665493
C1067,822,3492.75,New York,2026-10-05T07:45:48.865+05:30,Zomato,2026-10-05,7,false,3931.5922222222216,6212.17,9,0.8883805345473549
C1080,823,8077.5,Delhi,2026-10-04T19:40:48.865+05:30,Swiggy,2026-10-04,19,false,5252.084545454545,9562.84,11,1.5379607715932013
C1045,832,6243.78,New York,2026-10-07T20:50:48.865+05:30,Myntra,2026-10-07,20,false,5723.765555555556,9318.22,9,1.0908518071533715
C1058,833,6955.69,Pune,2026-10-05T16:11:48.865+05:30,Zomato,2026-10-05,16,false,4589.3133333333335,8872.59,9,1.5156276102307242
C1056,836,4673.76,Delhi,2026-10-05T21:23:48.865+05:30,Uber,2026-10-05,21,false,6002.706666666667,9969.37,9,0.778608760936733
C1099,838,8755.63,Hyderabad,2026-10-06T09:21:48.865+05:30,Flipkart,2026-10-06,9,false,5882.338,8755.63,10,1.488460880690637
C1049,839,8685.78,Chennai,2026-10-05T17:23:48.865+05:30,Flipkart,2026-10-05,17,false,5198.5199999999995,8964.06,7,1.6708178481567835
C1095,841,4346.13,Chennai,2026-10-07T08:04:48.865+05:30,Apple,2026-10-07,8,false,4509.455555555555,9937.65,9,0.9637815355881839
C1037,842,2442.53,New York,2026-10-03T23:02:48.865+05:30,Myntra,2026-10-03,23,false,3899.558333333333,8255.79,6,0.6263606775981042
C1007,846,3348.35,Delhi,2026-10-01T07:16:48.865+05:30,Zomato,2026-10-01,7,false,5566.350666666667,9837.03,15,0.6015341469683428
C1004,852,6241.01,London,2026-10-04T19:44:48.865+05:30,Flipkart,2026-10-04,19,false,6327.619090909092,9731.18,11,0.9863125308801342
C1086,853,3541.6,London,2026-10-03T10:31:48.865+05:30,Zomato,2026-10-03,10,false,4640.491249999999,8719.34,16,0.7631950604367589
C1079,855,3224.08,Delhi,2026-10-07T11:07:48.865+05:30,Flipkart,2026-10-07,11,false,4736.718333333333,9670.93,18,0.6806568964237195
C1015,858,6636.52,Bangalore,2026-10-07T13:24:48.865+05:30,Flipkart,2026-10-07,13,false,4792.305,9067.24,12,1.384828386340185
C1040,860,1768.57,Delhi,2026-10-06T19:12:48.865+05:30,Zomato,2026-10-06,19,false,4365.485,9017.49,16,0.4051256618680399
C1016,863,5000.65,New York,2026-10-03T15:20:48.865+05:30,Apple,2026-10-03,15,false,4916.9766666666665,9399.49,12,1.0170172321338382
C1083,867,2030.01,London,2026-10-03T08:56:48.865+05:30,Zomato,2026-10-03,8,false,4036.3981818181824,9773.86,11,0.5029261010829186
C1067,870,3305.74,Bangalore,2026-10-02T23:50:48.865+05:30,Apple,2026-10-02,23,false,3931.5922222222216,6212.17,9,0.8408145639609399
C1026,872,5530.19,Mumbai,2026-10-02T09:38:48.865+05:30,Walmart,2026-10-02,9,false,3868.7271428571426,8996.06,7,1.429459818640978
C1035,875,2652.44,Delhi,2026-10-06T23:22:48.865+05:30,Swiggy,2026-10-06,23,false,7577.179090909091,9644.2,11,0.35005639541796374
C1085,876,8005.24,Mumbai,2026-10-07T03:16:48.865+05:30,Uber,2026-10-07,3,false,5215.24125,8005.24,8,1.5349702183000642
C1005,877,6809.81,New York,2026-10-05T05:18:48.865+05:30,Swiggy,2026-10-05,5,false,4320.857499999999,8448.1,12,1.5760320723374937
C1092,880,6241.7,Delhi,2026-10-07T03:30:48.865+05:30,Zomato,2026-10-07,3,false,4277.000909090909,9818.04,11,1.4593637300223756
C1063,881,8891.36,Delhi,2026-10-03T02:38:48.865+05:30,Apple,2026-10-03,2,false,7277.253333333334,9382.16,9,1.2218016321176122
C1041,887,3710.97,New York,2026-10-01T13:05:48.865+05:30,Flipkart,2026-10-01,13,false,5640.422222222223,9327.78,9,0.6579241506742992
C1083,890,9773.86,London,2026-10-01T15:41:48.865+05:30,Zomato,2026-10-01,15,false,4036.3981818181824,9773.86,11,2.421431077842126
C1041,895,6715.96,Chennai,2026-10-03T01:54:48.865+05:30,Apple,2026-10-03,1,false,5640.422222222223,9327.78,9,1.1906839125518576
C1064,899,4628.86,Bangalore,2026-10-03T21:22:48.865+05:30,Swiggy,2026-10-03,21,false,5247.81375,9353.4,16,0.8820549319228411
C1092,900,9818.04,Pune,2026-10-03T05:39:48.865+05:30,Amazon,2026-10-03,5,false,4277.000909090909,9818.04,11,2.295543117405336
C1013,904,4286.12,Delhi,2026-10-03T00:44:48.865+05:30,Uber,2026-10-03,0,false,5404.961250000001,9601.16,8,0.7929973596017916
C1079,911,5471.41,Pune,2026-10-07T12:40:48.865+05:30,Myntra,2026-10-07,12,false,4736.718333333333,9670.93,18,1.155105626926659
C1007,912,8518.41,New York,2026-10-07T10:55:48.865+05:30,Flipkart,2026-10-07,10,false,5566.350666666667,9837.03,15,1.5303401654177733
C1082,913,4317.96,Mumbai,2026-10-07T18:54:48.865+05:30,Walmart,2026-10-07,18,false,4236.89,9239.9,7,1.0191343178605061
C1035,917,9644.2,Chennai,2026-10-06T23:08:48.865+05:30,Uber,2026-10-06,23,false,7577.179090909091,9644.2,11,1.27279557263875
C1027,918,7028.73,Delhi,2026-10-04T01:32:48.865+05:30,Amazon,2026-10-04,1,false,6337.765714285715,9016.94,7,1.1090233241277456
C1069,919,8231.32,Chennai,2026-10-05T07:28:48.865+05:30,Swiggy,2026-10-05,7,false,6014.573333333334,8870.28,9,1.3685625802218166
C1002,924,8374.92,Chennai,2026-10-06T13:54:48.865+05:30,Walmart,2026-10-06,13,false,81359.356,750000.0,10,0.1029373929655982
C1047,926,3892.85,Bangalore,2026-10-07T08:59:48.865+05:30,Myntra,2026-10-07,8,false,4385.5199999999995,7846.68,7,0.8876598442145972
C1002,929,9135.74,Pune,2026-10-03T17:00:48.865+05:30,Flipkart,2026-10-03,17,false,81359.356,750000.0,10,0.11228874525506323
C1065,932,5744.44,New York,2026-10-04T14:51:48.865+05:30,Flipkart,2026-10-04,14,false,4327.495,8471.69,8,1.3274284545678272
C1100,938,5297.07,Hyderabad,2026-10-06T05:39:48.865+05:30,Apple,2026-10-06,5,false,4901.259999999999,8566.26,16,1.0807567849899822
C1074,941,5684.65,Delhi,2026-10-06T22:13:48.865+05:30,Zomato,2026-10-06,22,false,4487.674999999999,9739.14,8,1.266724974513529
C1085,947,5076.84,New York,2026-10-02T17:43:48.865+05:30,Myntra,2026-10-02,17,false,5215.24125,8005.24,8,0.9734621576710377
C1038,951,7239.92,London,2026-10-05T16:41:48.865+05:30,Swiggy,2026-10-05,16,false,3299.764545454546,8865.4,11,2.194071698228606
C1036,955,3567.36,London,2026-10-06T17:33:48.865+05:30,Zomato,2026-10-06,17,false,4926.597777777778,8819.61,9,0.724102141256824
C1100,956,7492.05,Delhi,2026-10-07T00:05:48.865+05:30,Amazon,2026-10-07,0,false,4901.259999999999,8566.26,16,1.528596728188262
C1071,961,5794.43,London,2026-10-06T21:47:48.865+05:30,Flipkart,2026-10-06,21,false,4354.5230769230775,8528.2,13,1.3306692599030538
C1063,962,7805.36,Chennai,2026-10-05T18:00:48.865+05:30,Amazon,2026-10-05,18,false,7277.253333333334,9382.16,9,1.0725695042451913
C1068,966,9461.27,Hyderabad,2026-10-03T22:21:48.865+05:30,Apple,2026-10-03,22,false,5260.007500000001,9461.27,8,1.7987179676074605
C1093,974,180.81,Bangalore,2026-10-04T09:05:48.865+05:30,Amazon,2026-10-04,9,false,5020.352142857143,9724.73,14,0.0360154018791795
C1034,978,7874.55,New York,2026-10-04T21:34:48.865+05:30,Swiggy,2026-10-04,21,false,4935.611,8095.92,10,1.5954559627977165
C1009,980,1984.51,London,2026-10-02T11:06:48.865+05:30,Zomato,2026-10-02,11,false,5249.364545454544,9876.56,11,0.37804766325828887
C1049,981,2243.82,London,2026-10-07T02:55:48.865+05:30,Uber,2026-10-07,2,false,5198.5199999999995,8964.06,7,0.43162669375129853
C1029,984,831.72,Mumbai,2026-10-03T17:25:48.865+05:30,Myntra,2026-10-03,17,false,1521.0399999999997,3519.08,7,0.5468100773155211
C1098,985,3828.64,London,2026-10-01T07:31:48.865+05:30,Amazon,2026-10-01,7,false,5336.942857142857,9110.41,7,0.717384484429288
C1088,987,4262.49,Pune,2026-10-05T13:46:48.865+05:30,Uber,2026-10-05,13,false,4964.531666666667,9431.24,6,0.8585885409130568
C1044,990,5242.74,Delhi,2026-10-01T16:49:48.865+05:30,Zomato,2026-10-01,16,false,4062.3511111111115,7154.07,9,1.290567914147144
C1023,992,6577.0,Hyderabad,2026-10-03T23:35:48.866+05:30,Zomato,2026-10-03,23,false,5220.455,9934.09,8,1.2598518711491622
C1035,995,7885.97,Hyderabad,2026-10-07T00:09:48.866+05:30,Flipkart,2026-10-07,0,false,7577.179090909091,9644.2,11,1.0407527531533982
C1014,996,536.93,Bangalore,2026-10-07T20:40:48.866+05:30,Myntra,2026-10-07,20,false,3020.477777777777,6660.99,9,0.1777632677685282
C1015,999,2699.54,Mumbai,2026-10-06T19:22:48.866+05:30,Myntra,2026-10-06,19,false,4792.305,9067.24,12,0.5633072185514069
C1051,2,4493.48,Chennai,2026-10-04T18:18:48.860+05:30,Myntra,2026-10-04,18,false,4670.660833333334,9866.55,12,0.9620651467413691
C1077,4,398.91,Chennai,2026-10-04T22:33:48.860+05:30,Uber,2026-10-04,22,false,3336.414615384616,8958.28,13,0.11956247828449654
C1037,5,8255.79,Delhi,2026-10-05T04:44:48.860+05:30,Uber,2026-10-05,4,false,3899.558333333333,8255.79,6,2.11710898883848
C1087,6,1463.37,Chennai,2026-10-04T08:51:48.860+05:30,Zomato,2026-10-04,8,false,4560.190625,9756.96,16,0.32090105882361
C1084,8,725.83,Hyderabad,2026-10-05T03:44:48.860+05:30,Myntra,2026-10-05,3,false,4001.246,9211.85,10,0.18140099359049658
C1096,12,155.37,Pune,2026-10-02T06:35:48.860+05:30,Zomato,2026-10-02,6,false,4606.570909090909,8962.25,11,0.03372790803966193
C1071,14,4041.24,London,2026-10-07T12:09:48.860+05:30,Apple,2026-10-07,12,false,4354.5230769230775,8528.2,13,0.9280557086530714
C1027,15,5826.86,Hyderabad,2026-10-01T22:04:48.860+05:30,Myntra,2026-10-01,22,false,6337.765714285715,9016.94,7,0.9193870936039648
C1088,17,4216.08,London,2026-10-04T12:16:48.860+05:30,Uber,2026-10-04,12,false,4964.531666666667,9431.24,6,0.8492402270909072
C1023,27,9934.09,Chennai,2026-10-05T04:22:48.860+05:30,Myntra,2026-10-05,4,false,5220.455,9934.09,8,1.9029165082353934
C1022,31,9696.32,Pune,2026-10-02T02:57:48.860+05:30,Apple,2026-10-02,2,false,3177.713333333333,9696.32,9,3.051351391042196
C1012,32,1496.67,Mumbai,2026-10-05T01:56:48.860+05:30,Walmart,2026-10-05,1,false,3703.6549999999997,9166.13,18,0.4041062139967141
C1095,35,6435.67,Bangalore,2026-10-01T01:54:48.860+05:30,Swiggy,2026-10-01,1,false,4509.455555555555,9937.65,9,1.4271501117405156
C1020,37,7141.77,Hyderabad,2026-10-05T10:21:48.860+05:30,Uber,2026-10-05,10,false,3496.5481818181825,9070.37,11,2.0425201165929097
C1012,45,3055.34,Hyderabad,2026-10-06T13:51:48.860+05:30,Walmart,2026-10-06,13,false,3703.6549999999997,9166.13,18,0.8249526481273229
C1076,48,9503.1,Pune,2026-10-06T02:24:48.860+05:30,Swiggy,2026-10-06,2,false,5563.6362500000005,9503.1,8,1.708073564298888
C1058,49,2747.89,Pune,2026-10-01T19:19:48.860+05:30,Apple,2026-10-01,19,false,4589.3133333333335,8872.59,9,0.5987584199233872
C1077,52,1125.21,Delhi,2026-10-05T10:09:48.860+05:30,Flipkart,2026-10-05,10,false,3336.414615384616,8958.28,13,0.3372512501328579
C1084,53,2585.74,New York,2026-10-07T09:55:48.860+05:30,Myntra,2026-10-07,9,false,4001.246,9211.85,10,0.6462336982030097
C1061,56,9473.94,Pune,2026-10-04T20:49:48.860+05:30,Flipkart,2026-10-04,20,false,5766.68,9886.73,10,1.6428759702289706
C1048,63,2172.24,Delhi,2026-10-02T01:23:48.860+05:30,Swiggy,2026-10-02,1,false,3088.6000000000004,7022.42,8,0.7033089425629734
C1025,64,2114.67,Pune,2026-10-06T18:38:48.860+05:30,Myntra,2026-10-06,18,false,3908.816363636364,9574.84,11,0.541000088843449
C1033,66,4551.18,Delhi,2026-10-01T18:08:48.860+05:30,Flipkart,2026-10-01,18,false,5039.013,8413.84,10,0.9031887792311709
C1077,79,5283.67,Chennai,2026-10-03T01:37:48.860+05:30,Myntra,2026-10-03,1,false,3336.414615384616,8958.28,13,1.5836371102189613
C1040,81,6025.18,New York,2026-10-06T01:02:48.860+05:30,Apple,2026-10-06,1,false,4365.485,9017.49,16,1.380185706742779
C1055,83,6995.5,Chennai,2026-10-07T11:30:48.860+05:30,Myntra,2026-10-07,11,false,4684.112142857142,8818.58,14,1.4934527156160256
C1035,86,9067.3,New York,2026-10-02T14:54:48.861+05:30,Zomato,2026-10-02,14,false,7577.179090909091,9644.2,11,1.196659058894189
C1080,88,6457.35,New York,2026-10-02T23:45:48.861+05:30,Walmart,2026-10-02,23,false,5252.084545454545,9562.84,11,1.2294832545276828
C1051,94,7013.02,Hyderabad,2026-10-07T15:55:48.861+05:30,Flipkart,2026-10-07,15,false,4670.660833333334,9866.55,12,1.5015048727044868
C1071,97,4503.7,Pune,2026-10-03T10:16:48.861+05:30,Apple,2026-10-03,10,false,4354.5230769230775,8528.2,13,1.0342579245629653
C1040,98,3821.27,Chennai,2026-10-05T07:43:48.861+05:30,Flipkart,2026-10-05,7,false,4365.485,9017.49,16,0.8753368755132592
C1004,99,2658.91,London,2026-10-01T01:46:48.861+05:30,Flipkart,2026-10-01,1,false,6327.619090909092,9731.18,11,0.4202070260234317
C1003,100,5739.56,Pune,2026-10-02T13:41:48.861+05:30,Zomato,2026-10-02,13,false,4258.298333333334,9852.61,6,1.3478529569127573
C1024,102,4561.52,Chennai,2026-10-04T06:58:48.861+05:30,Apple,2026-10-04,6,false,5167.605714285715,8413.34,7,0.8827144043497347
C1099,105,2437.24,Bangalore,2026-10-05T18:18:48.861+05:30,Amazon,2026-10-05,18,false,5882.338,8755.63,10,0.4143318524029051
C1014,107,4564.81,Bangalore,2026-10-01T16:30:48.861+05:30,Amazon,2026-10-01,16,false,3020.477777777777,6660.99,9,1.5112873975051782
C1054,109,7987.83,Delhi,2026-10-02T01:12:48.861+05:30,Myntra,2026-10-02,1,false,5577.102857142856,7997.02,7,1.4322543809228143
C1077,110,494.56,Pune,2026-10-01T13:38:48.861+05:30,Uber,2026-10-01,13,false,3336.414615384616,8958.28,13,0.14823097756481565
C1062,111,1073.34,Chennai,2026-10-05T02:26:48.861+05:30,Swiggy,2026-10-05,2,false,5481.721111111112,9531.57,9,0.19580346724031722
C1018,115,2396.67,Mumbai,2026-10-04T15:51:48.861+05:30,Flipkart,2026-10-04,15,false,5248.64,8985.31,10,0.4566268595293257
C1096,117,7249.22,Bangalore,2026-10-07T22:35:48.861+05:30,Zomato,2026-10-07,22,false,4606.570909090909,8962.25,11,1.5736694697771645
C1095,123,707.55,Delhi,2026-10-07T03:27:48.861+05:30,Flipkart,2026-10-07,3,false,4509.455555555555,9937.65,9,0.1569036419769817
C1067,131,6212.17,Hyderabad,2026-10-03T02:01:48.861+05:30,Zomato,2026-10-03,2,false,3931.5922222222216,6212.17,9,1.5800646783477321
C1048,136,2779.97,Delhi,2026-10-04T06:07:48.861+05:30,Zomato,2026-10-04,6,false,3088.6000000000004,7022.42,8,0.9000744673962311
C1086,139,3361.36,Hyderabad,2026-10-02T11:05:48.861+05:30,Myntra,2026-10-02,11,false,4640.491249999999,8719.34,16,0.7243543450275874
C1021,140,7947.37,Mumbai,2026-10-02T10:58:48.861+05:30,Apple,2026-10-02,10,false,5678.83125,9757.58,8,1.399472822862979
C1038,142,2257.01,New York,2026-10-06T10:36:48.861+05:30,Amazon,2026-10-06,10,false,3299.764545454546,8865.4,11,0.6839912269222514
C1093,143,6579.27,Chennai,2026-10-04T18:23:48.861+05:30,Uber,2026-10-04,18,false,5020.352142857143,9724.73,14,1.3105196234811645
C1032,148,6171.21,Chennai,2026-10-07T01:43:48.861+05:30,Flipkart,2026-10-07,1,false,4781.380909090909,8800.82,11,1.2906752499610705
C1098,149,8293.65,Delhi,2026-10-01T23:37:48.861+05:30,Myntra,2026-10-01,23,false,5336.942857142857,9110.41,7,1.5540076448260909
C1045,150,2227.84,Mumbai,2026-10-05T03:07:48.861+05:30,Walmart,2026-10-05,3,false,5723.765555555556,9318.22,9,0.3892262844060117
C1098,151,432.11,Hyderabad,2026-10-03T00:36:48.861+05:30,Zomato,2026-10-03,0,false,5336.942857142857,9110.41,7,0.08096582848393677
C1079,153,2311.0,Bangalore,2026-10-02T02:04:48.861+05:30,Zomato,2026-10-02,2,false,4736.718333333333,9670.93,18,0.48789052617652656
C1038,156,738.17,Bangalore,2026-10-05T08:49:48.861+05:30,Swiggy,2026-10-05,8,false,3299.764545454546,8865.4,11,0.2237038400260514
C1076,160,7727.91,Delhi,2026-10-04T11:00:48.861+05:30,Myntra,2026-10-04,11,false,5563.6362500000005,9503.1,8,1.3890034597427177
C1037,161,7453.25,Delhi,2026-10-07T12:14:48.861+05:30,Apple,2026-10-07,12,false,3899.558333333333,8255.79,6,1.9113061949323322
C1029,163,3519.08,Pune,2026-10-07T02:15:48.861+05:30,Apple,2026-10-07,2,false,1521.0399999999997,3519.08,7,2.313601220217746
C1071,165,5744.64,Bangalore,2026-10-05T12:13:48.861+05:30,Zomato,2026-10-05,12,false,4354.5230769230775,8528.2,13,1.3192351719167337
C1030,169,1618.74,London,2026-10-02T18:59:48.861+05:30,Swiggy,2026-10-02,18,false,5110.168000000001,9238.55,10,0.3167684506654184
C1066,170,4791.62,New York,2026-10-04T16:11:48.861+05:30,Amazon,2026-10-04,16,false,3139.325714285714,6024.31,7,1.5263213938570976
C1051,177,6683.22,Hyderabad,2026-10-04T13:42:48.861+05:30,Amazon,2026-10-04,13,false,4670.660833333334,9866.55,12,1.4308938795777113
C1008,184,9704.91,Mumbai,2026-10-02T13:03:48.861+05:30,Myntra,2026-10-02,13,false,5705.191428571428,9704.91,7,1.7010664973305016
C1093,185,2097.81,Bangalore,2026-10-01T17:26:48.861+05:30,Flipkart,2026-10-01,17,false,5020.352142857143,9724.73,14,0.4178611261332977
C1019,186,2721.33,New York,2026-10-06T13:21:48.861+05:30,Uber,2026-10-06,13,false,3016.2024999999994,9018.94,8,0.9022371674315636
C1011,190,9139.71,London,2026-10-05T17:23:48.861+05:30,Swiggy,2026-10-05,17,false,5951.5075,9810.61,8,1.5356966281232107
C1046,191,8533.99,London,2026-10-01T12:11:48.861+05:30,Zomato,2026-10-01,12,false,7408.965454545454,9573.38,11,1.1518463748220522
C1090,192,2238.2,New York,2026-10-02T03:18:48.861+05:30,Uber,2026-10-02,3,false,5317.264375,9237.28,16,0.42093073470697984
C1070,200,7843.89,Delhi,2026-10-05T18:36:48.861+05:30,Apple,2026-10-05,18,false,6154.828181818182,9486.61,11,1.2744287522390034
C1062,201,6771.57,Chennai,2026-10-02T06:17:48.861+05:30,Uber,2026-10-02,6,false,5481.721111111112,9531.57,9,1.2352999838453005
C1009,204,8226.61,Pune,2026-10-03T00:36:48.861+05:30,Flipkart,2026-10-03,0,false,5249.364545454544,9876.56,11,1.5671630211171885
C1012,208,2382.86,London,2026-10-04T19:06:48.861+05:30,Myntra,2026-10-04,19,false,3703.6549999999997,9166.13,18,0.6433806604556851
C1007,212,9134.52,London,2026-10-01T16:08:48.861+05:30,Myntra,2026-10-01,16,false,5566.350666666667,9837.03,15,1.6410248917124157
C1000,216,290.45,New York,2026-10-04T22:13:48.861+05:30,Swiggy,2026-10-04,22,false,3568.2321428571427,9240.38,14,0.0813988519725154
C1018,217,8545.36,Chennai,2026-10-05T10:14:48.861+05:30,Apple,2026-10-05,10,false,5248.64,8985.31,10,1.6281093769052555
C1069,223,7527.65,Hyderabad,2026-10-03T17:58:48.861+05:30,Flipkart,2026-10-03,17,false,6014.573333333334,8870.28,9,1.2515684127219884
C1032,224,717.67,Chennai,2026-10-04T07:53:48.861+05:30,Walmart,2026-10-04,7,false,4781.380909090909,8800.82,11,0.15009680543030646
C1034,226,2181.86,Chennai,2026-10-01T04:49:48.861+05:30,Apple,2026-10-01,4,false,4935.611,8095.92,10,0.4420648223695101
C1070,228,6981.25,Chennai,2026-10-05T20:52:48.861+05:30,Flipkart,2026-10-05,20,false,6154.828181818182,9486.61,11,1.1342721183709286
C1055,231,3896.62,New York,2026-10-04T07:45:48.862+05:30,Apple,2026-10-04,7,false,4684.112142857142,8818.58,14,0.8318801687833204
C1090,233,4519.54,Bangalore,2026-10-07T11:54:48.862+05:30,Uber,2026-10-07,11,false,5317.264375,9237.28,16,0.8499746638984826
C1046,236,7191.12,Pune,2026-10-02T18:14:48.862+05:30,Walmart,2026-10-02,18,false,7408.965454545454,9573.38,11,0.9705970481463367
C1038,237,8865.4,Delhi,2026-10-06T05:32:48.862+05:30,Myntra,2026-10-06,5,false,3299.764545454546,8865.4,11,2.686676542486089
C1033,238,2198.69,Mumbai,2026-10-01T22:14:48.862+05:30,Zomato,2026-10-01,22,false,5039.013,8413.84,10,0.43633346450981575
C1005,239,1406.11,Hyderabad,2026-10-03T16:08:48.862+05:30,Swiggy,2026-10-03,16,false,4320.857499999999,8448.1,12,0.3254238308021036
C1050,243,8515.43,Hyderabad,2026-10-02T19:45:48.862+05:30,Uber,2026-10-02,19,false,4920.444444444444,9646.04,9,1.7306221208562913
C1097,244,5607.41,New York,2026-10-04T07:30:48.862+05:30,Walmart,2026-10-04,7,false,5611.780909090909,9330.36,11,0.9992211190775769
C1002,245,8039.34,London,2026-10-02T08:04:48.862+05:30,Walmart,2026-10-02,8,false,81359.356,750000.0,10,0.09881272904864193
C1046,255,8988.17,Pune,2026-10-01T22:33:48.862+05:30,Apple,2026-10-01,22,false,7408.965454545454,9573.38,11,1.2131477809072104
C1017,256,9238.58,Delhi,2026-10-03T08:29:48.862+05:30,Flipkart,2026-10-03,8,false,5446.542857142857,9662.91,7,1.6962282758656866
C1090,257,4080.14,New York,2026-10-01T06:54:48.862+05:30,Walmart,2026-10-01,6,false,5317.264375,9237.28,16,0.7673381860009547
C1040,258,4308.86,Pune,2026-10-05T01:23:48.862+05:30,Amazon,2026-10-05,1,false,4365.485,9017.49,16,0.9870289326386416
C1062,268,7688.92,New York,2026-10-06T10:09:48.862+05:30,Myntra,2026-10-06,10,false,5481.721111111112,9531.57,9,1.4026470599562302
C1027,269,8179.58,Bangalore,2026-10-03T02:12:48.862+05:30,Zomato,2026-10-03,2,false,6337.765714285715,9016.94,7,1.2906093990761953
C1084,272,8087.92,New York,2026-10-05T20:20:48.862+05:30,Walmart,2026-10-05,20,false,4001.246,9211.85,10,2.0213503493661724
C1062,273,8837.12,Hyderabad,2026-10-06T20:24:48.862+05:30,Swiggy,2026-10-06,20,false,5481.721111111112,9531.57,9,1.6121068220868993
C1032,276,3903.99,London,2026-10-03T09:15:48.862+05:30,Myntra,2026-10-03,9,false,4781.380909090909,8800.82,11,0.8164984288487217
C1008,277,919.05,Chennai,2026-10-03T02:28:48.862+05:30,Apple,2026-10-03,2,false,5705.191428571428,9704.91,7,0.16109012493383218
C1070,282,6953.59,Pune,2026-10-06T18:49:48.862+05:30,Swiggy,2026-10-06,18,false,6154.828181818182,9486.61,11,1.129778085526647
C1056,283,3838.96,New York,2026-10-05T02:42:48.862+05:30,Zomato,2026-10-05,2,false,6002.706666666667,9969.37,9,0.639538163894954
C1033,291,3627.0,Mumbai,2026-10-01T03:46:48.862+05:30,Flipkart,2026-10-01,3,false,5039.013,8413.84,10,0.7197838148065901
C1081,295,7484.92,Bangalore,2026-10-07T14:52:48.862+05:30,Myntra,2026-10-07,14,false,5991.9063636363635,9147.69,11,1.2491717236144455
C1081,296,8009.0,Delhi,2026-10-04T05:25:48.862+05:30,Uber,2026-10-04,5,false,5991.9063636363635,9147.69,11,1.3366363747946661
C1018,297,8985.31,Pune,2026-10-06T04:15:48.862+05:30,Swiggy,2026-10-06,4,false,5248.64,8985.31,10,1.7119310907206435
C1070,298,511.71,Chennai,2026-10-04T09:09:48.862+05:30,Amazon,2026-10-04,9,false,6154.828181818182,9486.61,11,0.08313960761920684
C1010,306,2516.15,New York,2026-10-02T03:16:48.862+05:30,Apple,2026-10-02,3,false,4498.433333333333,8140.28,9,0.5593391773432232
C1089,307,9258.76,Hyderabad,2026-10-07T15:54:48.862+05:30,Flipkart,2026-10-07,15,false,6255.949,9690.93,10,1.4799928835736993
C1054,308,7997.02,Bangalore,2026-10-05T11:16:48.862+05:30,Apple,2026-10-05,11,false,5577.102857142856,7997.02,7,1.4339021898722637
C1097,310,7795.99,Mumbai,2026-10-06T16:35:48.862+05:30,Apple,2026-10-06,16,false,5611.780909090909,9330.36,11,1.3892185255077834
C1039,312,7222.69,London,2026-10-04T05:33:48.862+05:30,Uber,2026-10-04,5,false,3958.641818181818,9996.16,11,1.8245373872489783
C1089,323,3031.42,Delhi,2026-10-01T04:12:48.862+05:30,Apple,2026-10-01,4,false,6255.949,9690.93,10,0.4845659707264238
C1016,331,4233.55,Pune,2026-10-04T12:49:48.862+05:30,Amazon,2026-10-04,12,false,4916.9766666666665,9399.49,12,0.8610067297451754
C1012,336,1363.3,New York,2026-10-04T08:37:48.862+05:30,Myntra,2026-10-04,8,false,3703.6549999999997,9166.13,18,0.3680958404603021
C1092,339,3791.98,New York,2026-10-04T13:12:48.862+05:30,Flipkart,2026-10-04,13,false,4277.000909090909,9818.04,11,0.8865978943188951
C1097,342,8355.77,London,2026-10-06T11:01:48.862+05:30,Zomato,2026-10-06,11,false,5611.780909090909,9330.36,11,1.4889693905305383
C1064,343,561.14,Pune,2026-10-02T16:47:48.862+05:30,Amazon,2026-10-02,16,false,5247.81375,9353.4,16,0.10692833753865597
C1004,346,9617.22,New York,2026-10-04T13:50:48.862+05:30,Zomato,2026-10-04,13,false,6327.619090909092,9731.18,11,1.519879730721637
C1066,347,4033.35,Pune,2026-10-03T15:42:48.862+05:30,Flipkart,2026-10-03,15,false,3139.325714285714,6024.31,7,1.284782264435311
C1064,351,1310.45,Hyderabad,2026-10-04T14:32:48.862+05:30,Amazon,2026-10-04,14,false,5247.81375,9353.4,16,0.2497135116504468
C1032,353,7836.37,Bangalore,2026-10-06T20:53:48.862+05:30,Swiggy,2026-10-06,20,false,4781.380909090909,8800.82,11,1.638934472905222
C1040,355,3329.41,Bangalore,2026-10-02T09:30:48.862+05:30,Amazon,2026-10-02,9,false,4365.485,9017.49,16,0.7626666911007597
C1004,356,7617.43,London,2026-10-04T14:36:48.862+05:30,Amazon,2026-10-04,14,false,6327.619090909092,9731.18,11,1.2038382668994698
C1038,358,2094.78,Pune,2026-10-04T21:13:48.862+05:30,Uber,2026-10-04,21,false,3299.764545454546,8865.4,11,0.6348271130088896
C1042,359,6267.0,Mumbai,2026-10-07T11:45:48.862+05:30,Zomato,2026-10-07,11,false,5305.743636363636,8637.23,11,1.1811727873635398
C1043,361,7395.72,Mumbai,2026-10-04T01:45:48.862+05:30,Myntra,2026-10-04,1,false,5631.042222222222,9788.6,9,1.3133838653906185
C1001,364,6799.34,Bangalore,2026-10-03T10:00:48.862+05:30,Swiggy,2026-10-03,10,false,88469.96499999998,500000.0,6,0.0768547834284777
C1089,365,4701.24,Bangalore,2026-10-02T18:30:48.862+05:30,Flipkart,2026-10-02,18,false,6255.949,9690.93,10,0.7514831083181784
C1096,366,7424.83,Hyderabad,2026-10-02T05:34:48.862+05:30,Zomato,2026-10-02,5,false,4606.570909090909,8962.25,11,1.6117911015648005
C1072,368,1933.29,Delhi,2026-10-01T23:33:48.862+05:30,Zomato,2026-10-01,23,false,3519.8769999999995,7597.02,10,0.5492493061547322
C1008,374,6162.54,Bangalore,2026-10-05T02:38:48.862+05:30,Walmart,2026-10-05,2,false,5705.191428571428,9704.91,7,1.0801635803381082
C1055,375,1776.24,Chennai,2026-10-07T04:33:48.862+05:30,Walmart,2026-10-07,4,false,4684.112142857142,8818.58,14,0.3792052678987648
C1081,376,3206.74,London,2026-10-04T21:49:48.862+05:30,Swiggy,2026-10-04,21,false,5991.9063636363635,9147.69,11,0.5351785901497126
C1050,379,7719.92,Hyderabad,2026-10-07T02:20:48.862+05:30,Myntra,2026-10-07,2,false,4920.444444444444,9646.04,9,1.5689477012013369
C1000,380,9240.38,New York,2026-10-02T12:08:48.862+05:30,Amazon,2026-10-02,12,false,3568.2321428571427,9240.38,14,2.5896241135816553
C1079,383,938.65,Hyderabad,2026-10-05T09:54:48.862+05:30,Uber,2026-10-05,9,false,4736.718333333333,9670.93,18,0.19816462241263377
C1012,386,508.11,Delhi,2026-10-03T01:28:48.862+05:30,Uber,2026-10-03,1,false,3703.6549999999997,9166.13,18,0.1371915040682785
C1027,391,9016.94,Bangalore,2026-10-04T12:14:48.862+05:30,Zomato,2026-10-04,12,false,6337.765714285715,9016.94,7,1.422731670196527
C1073,395,742.1,Bangalore,2026-10-02T22:31:48.862+05:30,Walmart,2026-10-02,22,false,3618.4620000000004,8430.09,10,0.2050871337048724
C1090,397,5125.58,London,2026-10-06T23:52:48.862+05:30,Walmart,2026-10-06,23,false,5317.264375,9237.28,16,0.9639505652754007
C1003,398,4152.42,New York,2026-10-02T03:25:48.862+05:30,Amazon,2026-10-02,3,false,4258.298333333334,9852.61,6,0.975135999160854
C1100,400,1772.52,Chennai,2026-10-03T23:21:48.862+05:30,Amazon,2026-10-03,23,false,4901.259999999999,8566.26,16,0.36164578088083477
C1087,402,1983.59,Pune,2026-10-03T05:36:48.862+05:30,Zomato,2026-10-03,5,false,4560.190625,9756.96,16,0.4349796232476575
C1000,403,2385.95,Bangalore,2026-10-01T09:14:48.862+05:30,Walmart,2026-10-01,9,false,3568.2321428571427,9240.38,14,0.6686644546869448
C1042,408,8607.84,Bangalore,2026-10-04T18:40:48.862+05:30,Swiggy,2026-10-04,18,false,5305.743636363636,8637.23,11,1.6223625923056284
C1044,417,6836.66,London,2026-10-01T19:34:48.862+05:30,Apple,2026-10-01,19,false,4062.3511111111115,7154.07,9,1.682931832578616
C1073,419,5580.99,Delhi,2026-10-07T21:13:48.862+05:30,Flipkart,2026-10-07,21,false,3618.4620000000004,8430.09,10,1.5423652369432093
C1084,420,1812.32,Bangalore,2026-10-06T21:10:48.862+05:30,Walmart,2026-10-06,21,false,4001.246,9211.85,10,0.45293890952968147
C1042,422,8637.23,New York,2026-10-02T14:21:48.862+05:30,Flipkart,2026-10-02,14,false,5305.743636363636,8637.23,11,1.6279018723791268
C1049,423,8964.06,Mumbai,2026-10-07T20:02:48.862+05:30,Flipkart,2026-10-07,20,false,5198.5199999999995,8964.06,7,1.72434846841024
C1094,425,1106.25,Hyderabad,2026-10-01T22:49:48.862+05:30,Amazon,2026-10-01,22,false,4499.112857142858,8718.84,7,0.24588180717531927
C1084,428,1283.88,New York,2026-10-02T12:52:48.862+05:30,Walmart,2026-10-02,12,false,4001.246,9211.85,10,0.3208700489797428
C1084,433,9211.85,Mumbai,2026-10-06T23:11:48.863+05:30,Zomato,2026-10-06,23,false,4001.246,9211.85,10,2.3022453505732963
C1069,441,3404.3,London,2026-10-06T08:49:48.863+05:30,Zomato,2026-10-06,8,false,6014.573333333334,8870.28,9,0.5660085614274661
C1049,442,1958.63,New York,2026-10-07T07:52:48.863+05:30,Swiggy,2026-10-07,7,false,5198.5199999999995,8964.06,7,0.3767668490262614
C1007,444,7142.19,Mumbai,2026-10-06T02:20:48.863+05:30,Apple,2026-10-06,2,false,5566.350666666667,9837.03,15,1.2831009808221447
C1088,452,2767.37,Mumbai,2026-10-07T14:05:48.863+05:30,Zomato,2026-10-07,14,false,4964.531666666667,9431.24,6,0.5574282099117104
C1067,461,5094.61,Bangalore,2026-10-03T05:02:48.863+05:30,Uber,2026-10-03,5,false,3931.5922222222216,6212.17,9,1.2958134292778754
C1033,463,4277.72,Mumbai,2026-10-03T15:49:48.863+05:30,Flipkart,2026-10-03,15,false,5039.013,8413.84,10,0.8489202151294312
C1072,466,5901.05,London,2026-10-02T05:34:48.863+05:30,Swiggy,2026-10-02,5,false,3519.8769999999995,7597.02,10,1.67649324109905
C1015,467,9067.24,New York,2026-10-04T06:05:48.863+05:30,Flipkart,2026-10-04,6,false,4792.305,9067.24,12,1.892041512382872
C1036,471,3136.18,Delhi,2026-10-04T07:19:48.863+05:30,Flipkart,2026-10-04,7,false,4926.597777777778,8819.61,9,0.6365812963555195
C1039,476,239.73,Pune,2026-10-04T20:45:48.863+05:30,Zomato,2026-10-04,20,false,3958.641818181818,9996.16,11,0.06055864890299841
C1000,477,7427.56,Pune,2026-10-04T06:30:48.863+05:30,Amazon,2026-10-04,6,false,3568.2321428571427,9240.38,14,2.0815798139334705
C1053,480,4729.12,New York,2026-10-07T11:24:48.863+05:30,Apple,2026-10-07,11,false,5294.120000000001,9965.44,14,0.8932778252098553
C1066,483,895.79,Mumbai,2026-10-01T21:43:48.863+05:30,Amazon,2026-10-01,21,false,3139.325714285714,6024.31,7,0.28534471460659433
C1076,495,1294.89,Pune,2026-10-06T05:59:48.863+05:30,Zomato,2026-10-06,5,false,5563.6362500000005,9503.1,8,0.23274167142037727
C1060,505,3525.28,Chennai,2026-10-04T09:00:48.863+05:30,Swiggy,2026-10-04,9,false,4820.861111111111,9622.87,9,0.731255250617974
C1048,513,1371.0,Hyderabad,2026-10-02T04:58:48.863+05:30,Myntra,2026-10-02,4,false,3088.6000000000004,7022.42,8,0.44389043579615356
C1078,516,5760.04,Bangalore,2026-10-06T06:34:48.863+05:30,Swiggy,2026-10-06,6,false,5396.48875,7895.83,8,1.0673681104217996
C1011,517,557.51,Pune,2026-10-06T19:17:48.863+05:30,Uber,2026-10-06,19,false,5951.5075,9810.61,8,0.09367542593200126
C1056,527,9969.37,Hyderabad,2026-10-03T10:16:48.863+05:30,Uber,2026-10-03,10,false,6002.706666666667,9969.37,9,1.6608124557144222
C1086,533,7036.23,Chennai,2026-10-01T17:15:48.863+05:30,Myntra,2026-10-01,17,false,4640.491249999999,8719.34,16,1.5162683476668555
C1055,534,3996.08,Pune,2026-10-05T01:46:48.863+05:30,Zomato,2026-10-05,1,false,4684.112142857142,8818.58,14,0.8531136484624241
C1078,537,5002.46,Bangalore,2026-10-02T03:34:48.863+05:30,Uber,2026-10-02,3,false,5396.48875,7895.83,8,0.926984235814445
C1072,541,4661.16,Chennai,2026-10-01T13:49:48.863+05:30,Swiggy,2026-10-01,13,false,3519.8769999999995,7597.02,10,1.3242394549582275
C1062,542,8558.15,Delhi,2026-10-06T17:34:48.863+05:30,Amazon,2026-10-06,17,false,5481.721111111112,9531.57,9,1.561215871171037
C1065,548,8471.69,Pune,2026-10-06T19:03:48.863+05:30,Zomato,2026-10-06,19,false,4327.495,8471.69,8,1.9576429319964554
C1079,549,1438.18,Delhi,2026-10-02T13:03:48.863+05:30,Swiggy,2026-10-02,13,false,4736.718333333333,9670.93,18,0.3036237113529022
C1001,559,4315.29,Pune,2026-10-02T12:49:48.863+05:30,Myntra,2026-10-02,12,false,88469.96499999998,500000.0,6,0.04877689281328416
C1099,561,5723.89,Mumbai,2026-10-03T07:13:48.863+05:30,Walmart,2026-10-03,7,false,5882.338,8755.63,10,0.9730637715819799
C1060,565,6271.83,Bangalore,2026-10-04T00:52:48.863+05:30,Amazon,2026-10-04,0,false,4820.861111111111,9622.87,9,1.3009771191177233
C1040,567,3472.78,Delhi,2026-10-07T23:38:48.863+05:30,Flipkart,2026-10-07,23,false,4365.485,9017.49,16,0.7955084028464192
C1061,568,4994.98,Pune,2026-10-02T18:56:48.863+05:30,Apple,2026-10-02,18,false,5766.68,9886.73,10,0.8661795001630053
C1100,575,7111.18,New York,2026-10-01T14:58:48.863+05:30,Myntra,2026-10-01,14,false,4901.259999999999,8566.26,16,1.4508881389683472
C1000,577,138.14,Delhi,2026-10-01T05:10:48.863+05:30,Apple,2026-10-01,5,false,3568.2321428571427,9240.38,14,0.03871384889476081
C1053,578,7614.26,Pune,2026-10-01T05:08:48.863+05:30,Swiggy,2026-10-01,5,false,5294.120000000001,9965.44,14,1.4382484718895678
C1011,580,8677.65,Hyderabad,2026-10-02T12:09:48.863+05:30,Uber,2026-10-02,12,false,5951.5075,9810.61,8,1.458059155600493
C1049,583,7636.42,New York,2026-10-03T06:59:48.863+05:30,Flipkart,2026-10-03,6,false,5198.5199999999995,8964.06,7,1.4689603964205198
C1040,585,816.63,Hyderabad,2026-10-01T09:34:48.863+05:30,Swiggy,2026-10-01,9,false,4365.485,9017.49,16,0.18706512563896108
C1031,587,8320.76,Pune,2026-10-04T23:10:48.863+05:30,Apple,2026-10-04,23,false,6461.551,9870.47,10,1.2877341678491743
C1067,593,5820.03,Pune,2026-10-04T11:38:48.863+05:30,Flipkart,2026-10-04,11,false,3931.5922222222216,6212.17,9,1.480323917395073
C1069,597,6093.18,Delhi,2026-10-03T18:40:48.863+05:30,Flipkart,2026-10-03,18,false,6014.573333333334,8870.28,9,1.0130693670706483
C1025,603,1179.7,Chennai,2026-10-05T09:01:48.863+05:30,Apple,2026-10-05,9,false,3908.816363636364,9574.84,11,0.301804917461645
C1005,607,3973.82,Bangalore,2026-10-04T00:50:48.863+05:30,Flipkart,2026-10-04,0,false,4320.857499999999,8448.1,12,0.9196831878857382
C1000,609,6703.13,Delhi,2026-10-05T05:36:48.863+05:30,Apple,2026-10-05,5,false,3568.2321428571427,9240.38,14,1.878557709149689
C1046,610,9573.38,London,2026-10-04T02:03:48.863+05:30,Amazon,2026-10-04,2,false,7408.965454545454,9573.38,11,1.292134517124339
C1099,613,8251.9,Bangalore,2026-10-02T08:33:48.863+05:30,Walmart,2026-10-02,8,false,5882.338,8755.63,10,1.4028265631794705
C1058,616,6727.97,Hyderabad,2026-10-07T06:44:48.863+05:30,Myntra,2026-10-07,6,false,4589.3133333333335,8872.59,9,1.4660079866704823
C1087,618,935.48,New York,2026-10-03T03:15:48.863+05:30,Walmart,2026-10-03,3,false,4560.190625,9756.96,16,0.2051405471673676
C1013,620,7513.4,Hyderabad,2026-10-03T17:11:48.863+05:30,Uber,2026-10-03,17,false,5404.961250000001,9601.16,8,1.3900932222224531
C1043,623,7191.46,Mumbai,2026-10-07T19:18:48.863+05:30,Myntra,2026-10-07,19,false,5631.042222222222,9788.6,9,1.2771099409661286
C1097,627,6991.47,Pune,2026-10-04T02:14:48.863+05:30,Amazon,2026-10-04,2,false,5611.780909090909,9330.36,11,1.2458558367227128
C1073,628,4015.63,Chennai,2026-10-03T20:01:48.863+05:30,Zomato,2026-10-03,20,false,3618.4620000000004,8430.09,10,1.1097615506256524
C1049,629,4922.61,London,2026-10-01T07:26:48.863+05:30,Amazon,2026-10-01,7,false,5198.5199999999995,8964.06,7,0.9469252787331779
C1082,634,1992.91,Hyderabad,2026-10-01T05:51:48.864+05:30,Uber,2026-10-01,5,false,4236.89,9239.9,7,0.47037095605503093
C1002,639,848.03,Pune,2026-10-04T06:35:48.864+05:30,Myntra,2026-10-04,6,false,81359.356,750000.0,10,0.010423263428977977
C1087,652,9756.96,New York,2026-10-07T18:45:48.864+05:30,Myntra,2026-10-07,18,false,4560.190625,9756.96,16,2.139594767488475
C1092,654,3985.45,Pune,2026-10-05T06:58:48.864+05:30,Zomato,2026-10-05,6,false,4277.000909090909,9818.04,11,0.9318328624922179
C1005,655,3097.32,London,2026-10-01T11:09:48.864+05:30,Apple,2026-10-01,11,false,4320.857499999999,8448.1,12,0.716829934798822
C1025,657,7382.28,London,2026-10-07T04:31:48.864+05:30,Amazon,2026-10-07,4,false,3908.816363636364,9574.84,11,1.8886228753740377
C1070,658,8615.84,Bangalore,2026-10-06T20:37:48.864+05:30,Apple,2026-10-06,20,false,6154.828181818182,9486.61,11,1.3998506124755568
C1091,662,5443.51,Chennai,2026-10-02T12:08:48.864+05:30,Amazon,2026-10-02,12,false,4808.191818181818,9368.84,11,1.1321324534965045
C1050,663,1574.89,Delhi,2026-10-01T11:34:48.864+05:30,Zomato,2026-10-01,11,false,4920.444444444444,9646.04,9,0.3200706801553609
C1087,665,467.29,Hyderabad,2026-10-04T09:15:48.864+05:30,Apple,2026-10-04,9,false,4560.190625,9756.96,16,0.10247159349835293
C1094,669,5463.02,Bangalore,2026-10-04T11:15:48.864+05:30,Swiggy,2026-10-04,11,false,4499.112857142858,8718.84,7,1.2142438239411641
C1025,676,2482.66,Chennai,2026-10-07T23:05:48.864+05:30,Apple,2026-10-07,23,false,3908.816363636364,9574.84,11,0.6351436775327011
C1017,680,3454.77,Chennai,2026-10-01T19:42:48.864+05:30,Walmart,2026-10-01,19,false,5446.542857142857,9662.91,7,0.6343051162205121
C1059,681,9774.57,Delhi,2026-10-01T11:33:48.864+05:30,Amazon,2026-10-01,11,false,7028.583333333333,9774.57,6,1.3906884981563379
C1077,682,2944.72,London,2026-10-04T10:25:48.864+05:30,Myntra,2026-10-04,10,false,3336.414615384616,8958.28,13,0.8826001380108862
C1019,684,2450.81,Mumbai,2026-10-06T14:19:48.864+05:30,Uber,2026-10-06,14,false,3016.2024999999994,9018.94,8,0.8125482291059704
C1052,685,7677.22,London,2026-10-05T04:25:48.864+05:30,Flipkart,2026-10-05,4,false,5296.644,9554.87,5,1.4494498780737388
C1005,687,3441.94,Delhi,2026-10-07T14:57:48.864+05:30,Swiggy,2026-10-07,14,false,4320.857499999999,8448.1,12,0.7965872514888539
C1061,691,3113.9,Chennai,2026-10-05T02:46:48.864+05:30,Apple,2026-10-05,2,false,5766.68,9886.73,10,0.5399814104476058
C1015,700,2810.34,Hyderabad,2026-10-03T12:51:48.864+05:30,Myntra,2026-10-03,12,false,4792.305,9067.24,12,0.5864276167731395
C1012,701,3287.43,Pune,2026-10-01T01:02:48.864+05:30,Swiggy,2026-10-01,1,false,3703.6549999999997,9166.13,18,0.8876177721737041
C1078,705,5180.38,Pune,2026-10-01T14:05:48.864+05:30,Myntra,2026-10-01,14,false,5396.48875,7895.83,8,0.9599538218253488
C1012,706,8302.88,Hyderabad,2026-10-02T02:30:48.864+05:30,Zomato,2026-10-02,2,false,3703.6549999999997,9166.13,18,2.241807079763099
C1057,712,7615.58,Mumbai,2026-10-02T13:36:48.864+05:30,Swiggy,2026-10-02,13,false,5217.679090909091,8393.37,11,1.4595723246507895
C1090,715,7365.95,Hyderabad,2026-10-01T23:59:48.864+05:30,Swiggy,2026-10-01,23,false,5317.264375,9237.28,16,1.3852894045728166
C1025,719,8012.92,New York,2026-10-07T21:12:48.864+05:30,Flipkart,2026-10-07,21,false,3908.816363636364,9574.84,11,2.049960718171369
C1020,720,1536.8,Delhi,2026-10-04T04:33:48.864+05:30,Zomato,2026-10-04,4,false,3496.5481818181825,9070.37,11,0.4395191829448419
C1034,725,7080.3,New York,2026-10-02T06:31:48.864+05:30,Swiggy,2026-10-02,6,false,4935.611,8095.92,10,1.4345336372740882
C1016,726,9294.64,Chennai,2026-10-04T17:30:48.864+05:30,Flipkart,2026-10-04,17,false,4916.9766666666665,9399.49,12,1.8903160682072249
C1086,729,5264.39,Chennai,2026-10-03T02:01:48.864+05:30,Swiggy,2026-10-03,2,false,4640.491249999999,8719.34,16,1.13444670324505
C1004,730,1757.51,Hyderabad,2026-10-04T23:23:48.864+05:30,Swiggy,2026-10-04,23,false,6327.619090909092,9731.18,11,0.2777521805200031
C1064,732,5018.93,London,2026-10-05T08:00:48.864+05:30,Zomato,2026-10-05,8,false,5247.81375,9353.4,16,0.9563849326779176
C1075,735,5854.56,London,2026-10-07T20:14:48.864+05:30,Walmart,2026-10-07,20,false,7032.543999999999,9857.36,10,0.8324953245937745
C1073,736,3199.72,London,2026-10-03T12:40:48.864+05:30,Apple,2026-10-03,12,false,3618.4620000000004,8430.09,10,0.8842762477538798
C1077,741,8230.6,Hyderabad,2026-10-04T14:41:48.864+05:30,Apple,2026-10-04,14,false,3336.414615384616,8958.28,13,2.4668996359288493
C1075,744,9857.36,London,2026-10-03T04:41:48.864+05:30,Zomato,2026-10-03,4,false,7032.543999999999,9857.36,10,1.401677685912808
C1042,745,3137.55,Delhi,2026-10-01T05:25:48.864+05:30,Uber,2026-10-01,5,false,5305.743636363636,8637.23,11,0.5913497174074477
C1022,746,1140.91,Chennai,2026-10-05T22:49:48.864+05:30,Flipkart,2026-10-05,22,false,3177.713333333333,9696.32,9,0.35903490350503614
C1063,748,7387.92,Mumbai,2026-10-04T03:32:48.864+05:30,Myntra,2026-10-04,3,false,7277.253333333334,9382.16,9,1.0152072027175087
C1091,750,235.77,New York,2026-10-07T22:31:48.864+05:30,Walmart,2026-10-07,22,false,4808.191818181818,9368.84,11,0.04903506534586523
C1071,753,657.84,Chennai,2026-10-05T07:42:48.864+05:30,Uber,2026-10-05,7,false,4354.5230769230775,8528.2,13,0.15107050493916138
C1078,756,6065.87,Pune,2026-10-07T07:51:48.864+05:30,Uber,2026-10-07,7,false,5396.48875,7895.83,8,1.1240401455483437
C1040,764,4475.64,Delhi,2026-10-02T15:08:48.864+05:30,Apple,2026-10-02,15,false,4365.485,9017.49,16,1.025233164241774
C1031,766,9298.79,Mumbai,2026-10-02T15:46:48.864+05:30,Uber,2026-10-02,15,false,6461.551,9870.47,10,1.4390956598500886
C1020,767,4585.61,Bangalore,2026-10-05T10:10:48.864+05:30,Zomato,2026-10-05,10,false,3496.5481818181825,9070.37,11,1.3114676994428007
C1046,768,8802.64,Pune,2026-10-04T12:03:48.864+05:30,Zomato,2026-10-04,12,false,7408.965454545454,9573.38,11,1.188106497999598
C1063,769,6215.52,Hyderabad,2026-10-04T22:14:48.864+05:30,Myntra,2026-10-04,22,false,7277.253333333334,9382.16,9,0.8541024635668402
C1044,771,5115.72,Delhi,2026-10-04T20:43:48.864+05:30,Walmart,2026-10-04,20,false,4062.3511111111115,7154.07,9,1.2593003066642305
C1040,772,7457.97,Chennai,2026-10-04T01:53:48.864+05:30,Walmart,2026-10-04,1,false,4365.485,9017.49,16,1.7083943708431024
C1004,779,7956.16,Bangalore,2026-10-04T11:50:48.864+05:30,Myntra,2026-10-04,11,false,6327.619090909092,9731.18,11,1.2573702502779658
C1084,780,5622.19,Mumbai,2026-10-02T05:21:48.864+05:30,Flipkart,2026-10-02,5,false,4001.246,9211.85,10,1.405109808294716
C1066,781,502.57,Hyderabad,2026-10-05T08:17:48.864+05:30,Swiggy,2026-10-05,8,false,3139.325714285714,6024.31,7,0.16008851764346121
C1080,787,372.52,New York,2026-10-07T00:12:48.865+05:30,Amazon,2026-10-07,0,false,5252.084545454545,9562.84,11,0.07092802805743105
C1039,788,3456.65,Chennai,2026-10-02T14:10:48.865+05:30,Uber,2026-10-02,14,false,3958.641818181818,9996.16,11,0.8731908969697137
C1032,791,2982.56,Delhi,2026-10-05T20:13:48.865+05:30,Walmart,2026-10-05,20,false,4781.380909090909,8800.82,11,0.6237863196235245
C1000,792,246.61,Bangalore,2026-10-06T02:37:48.865+05:30,Walmart,2026-10-06,2,false,3568.2321428571427,9240.38,14,0.06911265582696514
C1009,795,6952.57,New York,2026-10-04T22:10:48.865+05:30,Apple,2026-10-04,22,false,5249.364545454544,9876.56,11,1.3244593588037759
C1075,800,7918.17,New York,2026-10-01T11:12:48.865+05:30,Zomato,2026-10-01,11,false,7032.543999999999,9857.36,10,1.1259325217161813
C1030,803,6645.96,Pune,2026-10-03T09:37:48.865+05:30,Swiggy,2026-10-03,9,false,5110.168000000001,9238.55,10,1.3005364989957275
C1015,804,1383.58,Bangalore,2026-10-07T11:51:48.865+05:30,Myntra,2026-10-07,11,false,4792.305,9067.24,12,0.28870866941899564
C1083,809,2511.24,Mumbai,2026-10-03T13:55:48.865+05:30,Apple,2026-10-03,13,false,4036.3981818181824,9773.86,11,0.6221487293577216
C1065,818,6991.27,Delhi,2026-10-01T09:45:48.865+05:30,Swiggy,2026-10-01,9,false,4327.495,8471.69,8,1.615546638413216
C1087,820,5963.2,Hyderabad,2026-10-07T21:31:48.865+05:30,Amazon,2026-10-07,21,false,4560.190625,9756.96,16,1.3076646329888895
C1048,825,869.34,Delhi,2026-10-02T14:48:48.865+05:30,Flipkart,2026-10-02,14,false,3088.6000000000004,7022.42,8,0.2814673314770446
C1029,826,348.25,Pune,2026-10-06T00:33:48.865+05:30,Apple,2026-10-06,0,false,1521.0399999999997,3519.08,7,0.2289551885551991
C1074,827,9739.14,Hyderabad,2026-10-07T14:38:48.865+05:30,Swiggy,2026-10-07,14,false,4487.674999999999,9739.14,8,2.170197262502298
C1004,835,5274.29,London,2026-10-07T16:07:48.865+05:30,Apple,2026-10-07,16,false,6327.619090909092,9731.18,11,0.8335346872534706
C1022,840,3646.95,Hyderabad,2026-10-04T06:21:48.865+05:30,Uber,2026-10-04,6,false,3177.713333333333,9696.32,9,1.1476648827144047
C1061,843,4624.7,Hyderabad,2026-10-06T14:11:48.865+05:30,Apple,2026-10-06,14,false,5766.68,9886.73,10,0.8019692440017478
C1055,847,2648.74,Mumbai,2026-10-01T07:08:48.865+05:30,Uber,2026-10-01,7,false,4684.112142857142,8818.58,14,0.5654732250676565
C1023,848,8613.25,Bangalore,2026-10-06T20:55:48.865+05:30,Walmart,2026-10-06,20,false,5220.455,9934.09,8,1.6499040792421351
C1053,850,2412.53,London,2026-10-07T19:09:48.865+05:30,Uber,2026-10-07,19,false,5294.120000000001,9965.44,14,0.4556999085778184
C1053,851,2215.35,Chennai,2026-10-07T01:16:48.865+05:30,Uber,2026-10-07,1,false,5294.120000000001,9965.44,14,0.41845481402008256
C1028,854,4651.91,New York,2026-10-07T20:14:48.865+05:30,Amazon,2026-10-07,20,false,4915.713333333333,7327.73,6,0.9463346791310044
C1073,857,3613.41,Bangalore,2026-10-03T10:52:48.865+05:30,Walmart,2026-10-03,10,false,3618.4620000000004,8430.09,10,0.9986038267086954
C1068,859,5801.35,Hyderabad,2026-10-02T20:09:48.865+05:30,Zomato,2026-10-02,20,false,5260.007500000001,9461.27,8,1.1029166783507438
C1044,862,3054.4,Mumbai,2026-10-04T17:56:48.865+05:30,Walmart,2026-10-04,17,false,4062.3511111111115,7154.07,9,0.7518798637679985
C1057,865,7068.07,Mumbai,2026-10-05T15:27:48.865+05:30,Myntra,2026-10-05,15,false,5217.679090909091,8393.37,11,1.3546386960276833
C1038,868,3207.7,London,2026-10-06T23:15:48.865+05:30,Flipkart,2026-10-06,23,false,3299.764545454546,8865.4,11,0.9720996622073033
C1061,873,6925.19,Bangalore,2026-10-01T16:57:48.865+05:30,Myntra,2026-10-01,16,false,5766.68,9886.73,10,1.200897223359021
C1020,874,1873.67,Delhi,2026-10-01T10:51:48.865+05:30,Myntra,2026-10-01,10,false,3496.5481818181825,9070.37,11,0.5358627716737779
C1053,878,2302.01,Chennai,2026-10-03T03:21:48.865+05:30,Zomato,2026-10-03,3,false,5294.120000000001,9965.44,14,0.43482391785603647
C1019,882,224.16,Hyderabad,2026-10-05T02:57:48.865+05:30,Swiggy,2026-10-05,2,false,3016.2024999999994,9018.94,8,0.07431861753313979
C1025,883,1021.46,New York,2026-10-01T04:26:48.865+05:30,Walmart,2026-10-01,4,false,3908.816363636364,9574.84,11,0.2613220742480053
C1027,885,5818.51,Bangalore,2026-10-05T02:55:48.865+05:30,Amazon,2026-10-05,2,false,6337.765714285715,9016.94,7,0.9180695946025141
C1076,886,3722.3,Pune,2026-10-04T05:34:48.865+05:30,Zomato,2026-10-04,5,false,5563.6362500000005,9503.1,8,0.6690408633382529
C1026,889,1667.16,London,2026-10-04T19:22:48.865+05:30,Swiggy,2026-10-04,19,false,3868.7271428571426,8996.06,7,0.4309324329264443
C1018,891,6292.17,Delhi,2026-10-01T17:50:48.865+05:30,Flipkart,2026-10-01,17,false,5248.64,8985.31,10,1.1988191226679672
C1090,896,7296.16,Pune,2026-10-05T16:11:48.865+05:30,Walmart,2026-10-05,16,false,5317.264375,9237.28,16,1.3721642343578224
C1039,897,2776.62,Chennai,2026-10-03T18:58:48.865+05:30,Myntra,2026-10-03,18,false,3958.641818181818,9996.16,11,0.701407231956966
C1093,898,5684.43,Delhi,2026-10-06T01:25:48.865+05:30,Apple,2026-10-06,1,false,5020.352142857143,9724.73,14,1.1322771467510888
C1039,902,9996.16,Chennai,2026-10-03T12:37:48.865+05:30,Apple,2026-10-03,12,false,3958.641818181818,9996.16,11,2.5251488917456997
C1006,905,7646.95,London,2026-10-05T03:06:48.865+05:30,Amazon,2026-10-05,3,false,6649.928,8374.41,5,1.1499297436002314
C1024,906,968.2,Delhi,2026-10-02T22:00:48.865+05:30,Flipkart,2026-10-02,22,false,5167.605714285715,8413.34,7,0.18735949558292259
C1095,907,9937.65,New York,2026-10-02T10:55:48.865+05:30,Swiggy,2026-10-02,10,false,4509.455555555555,9937.65,9,2.2037361001944062
C1064,910,7923.91,London,2026-10-04T10:47:48.865+05:30,Swiggy,2026-10-04,10,false,5247.81375,9353.4,16,1.5099449747049425
C1036,914,5091.98,London,2026-10-05T15:11:48.865+05:30,Flipkart,2026-10-05,15,false,4926.597777777778,8819.61,9,1.0335692560428222
C1058,916,4060.36,New York,2026-10-04T08:15:48.865+05:30,Flipkart,2026-10-04,8,false,4589.3133333333335,8872.59,9,0.8847423797605161
C1015,920,3379.94,New York,2026-10-04T13:55:48.865+05:30,Flipkart,2026-10-04,13,false,4792.305,9067.24,12,0.7052848264039956
C1088,921,597.56,New York,2026-10-03T05:48:48.865+05:30,Flipkart,2026-10-03,5,false,4964.531666666667,9431.24,6,0.1203658351123419
C1026,923,246.61,Mumbai,2026-10-07T12:27:48.865+05:30,Walmart,2026-10-07,12,false,3868.7271428571426,8996.06,7,0.06374448000431299
C1093,928,7434.67,London,2026-10-04T19:10:48.865+05:30,Amazon,2026-10-04,19,false,5020.352142857143,9724.73,14,1.4809060775901748
C1007,931,7258.87,London,2026-10-07T09:55:48.865+05:30,Uber,2026-10-07,9,false,5566.350666666667,9837.03,15,1.3040626497839516
C1011,935,6963.58,Bangalore,2026-10-01T09:01:48.865+05:30,Myntra,2026-10-01,9,false,5951.5075,9810.61,8,1.170053133596824
C1075,942,9426.75,Bangalore,2026-10-07T22:26:48.865+05:30,Apple,2026-10-07,22,false,7032.543999999999,9857.36,10,1.3404466434906062
C1094,945,8718.84,Chennai,2026-10-07T20:39:48.865+05:30,Apple,2026-10-07,20,false,4499.112857142858,8718.84,7,1.9379020435457273
C1012,946,3066.36,London,2026-10-03T13:03:48.865+05:30,Zomato,2026-10-03,13,false,3703.6549999999997,9166.13,18,0.8279280872543475
C1052,949,1055.7,Chennai,2026-10-02T00:15:48.865+05:30,Walmart,2026-10-02,0,false,5296.644,9554.87,5,0.19931488693595417
C1016,954,7028.48,Chennai,2026-10-03T23:32:48.865+05:30,Uber,2026-10-03,23,false,4916.9766666666665,9399.49,12,1.4294312290818274
C1046,958,9435.57,Pune,2026-10-07T19:12:48.865+05:30,Walmart,2026-10-07,19,false,7408.965454545454,9573.38,11,1.2735340794727568
C1057,960,7502.23,Bangalore,2026-10-01T13:15:48.865+05:30,Zomato,2026-10-01,13,false,5217.679090909091,8393.37,11,1.437848106272259
C1064,963,5315.26,New York,2026-10-06T00:18:48.865+05:30,Walmart,2026-10-06,0,false,5247.81375,9353.4,16,1.0128522568088474
C1035,964,6465.55,Pune,2026-10-07T17:26:48.865+05:30,Amazon,2026-10-07,17,false,7577.179090909091,9644.2,11,0.8532924881975146
C1051,965,7124.44,Pune,2026-10-07T04:27:48.865+05:30,Myntra,2026-10-07,4,false,4670.660833333334,9866.55,12,1.525360169412144
C1014,968,1278.97,London,2026-10-02T01:27:48.865+05:30,Swiggy,2026-10-02,1,false,3020.477777777777,6660.99,9,0.4234330109658885
C1080,969,5123.08,New York,2026-10-05T18:33:48.865+05:30,Flipkart,2026-10-05,18,false,5252.084545454545,9562.84,11,0.9754374583390526
C1022,971,3112.01,New York,2026-10-04T05:22:48.865+05:30,Zomato,2026-10-04,5,false,3177.713333333333,9696.32,9,0.9793237065646787
C1033,972,6038.07,Hyderabad,2026-10-01T13:35:48.865+05:30,Swiggy,2026-10-01,13,false,5039.013,8413.84,10,1.198264422020741
C1080,975,5777.79,Pune,2026-10-06T19:56:48.865+05:30,Myntra,2026-10-06,19,false,5252.084545454545,9562.84,11,1.1000946290935911
C1025,976,9574.84,Delhi,2026-10-05T02:03:48.865+05:30,Zomato,2026-10-05,2,false,3908.816363636364,9574.84,11,2.4495497125612076
C1005,986,2312.5,Hyderabad,2026-10-01T22:34:48.865+05:30,Zomato,2026-10-01,22,false,4320.857499999999,8448.1,12,0.5351946922572661
C1092,988,769.84,New York,2026-10-01T14:01:48.865+05:30,Zomato,2026-10-01,14,false,4277.000909090909,9818.04,11,0.1799952855665004
C1080,991,6508.84,Chennai,2026-10-07T09:16:48.866+05:30,Apple,2026-10-07,9,false,5252.084545454545,9562.84,11,1.2392869809441898
C1083,993,4139.49,Bangalore,2026-10-07T01:46:48.866+05:30,Swiggy,2026-10-07,1,false,4036.3981818181824,9773.86,11,1.025540547175497
C1040,994,7472.77,New York,2026-10-01T03:24:48.866+05:30,Uber,2026-10-01,3,false,4365.485,9017.49,16,1.711784601252782
C1052,1000,5838.79,Mumbai,2026-10-05T06:59:48.866+05:30,Swiggy,2026-10-05,6,false,5296.644,9554.87,5,1.1023565110284927
C1045,1,4672.28,Chennai,2026-10-07T22:49:48.860+05:30,Apple,2026-10-07,22,false,5723.765555555556,9318.22,9,0.8162947896188775
C1001,1001,500000.0,London,2026-10-07T23:43:48.866+05:30,Apple,2026-10-07,23,true,88469.96499999998,500000.0,6,5.651635557898097
C1002,1002,750000.0,New York,2026-10-07T23:43:48.866+05:30,Walmart,2026-10-07,23,true,81359.356,750000.0,10,9.218362052914971
C1099,3,2109.22,Mumbai,2026-10-05T12:49:48.860+05:30,Uber,2026-10-05,12,false,5882.338,8755.63,10,0.3585683107635093
C1068,7,259.32,Pune,2026-10-03T04:54:48.860+05:30,Walmart,2026-10-03,4,false,5260.007500000001,9461.27,8,0.04930030993301815
C1012,20,3227.61,Bangalore,2026-10-06T16:05:48.860+05:30,Zomato,2026-10-06,16,false,3703.6549999999997,9166.13,18,0.8714661597800012
C1012,21,9166.13,Hyderabad,2026-10-02T02:42:48.860+05:30,Walmart,2026-10-02,2,false,3703.6549999999997,9166.13,18,2.4748876447725285
C1022,29,665.4,Pune,2026-10-01T13:20:48.860+05:30,Myntra,2026-10-01,13,false,3177.713333333333,9696.32,9,0.20939585488097312
C1081,33,5549.14,Delhi,2026-10-07T21:06:48.860+05:30,Uber,2026-10-07,21,false,5991.9063636363635,9147.69,11,0.9261059274351447
C1061,40,6293.12,Chennai,2026-10-05T22:19:48.860+05:30,Walmart,2026-10-05,22,false,5766.68,9886.73,10,1.0912899623353471
C1069,42,4849.24,New York,2026-10-01T23:30:48.860+05:30,Walmart,2026-10-01,23,false,6014.573333333334,8870.28,9,0.8062483789373809
C1067,43,321.02,Pune,2026-10-01T14:29:48.860+05:30,Walmart,2026-10-01,14,false,3931.5922222222216,6212.17,9,0.08165139766670727
C1021,46,6411.49,Mumbai,2026-10-06T00:09:48.860+05:30,Apple,2026-10-06,0,false,5678.83125,9757.58,8,1.1290157635869176
C1034,51,6344.35,New York,2026-10-01T11:26:48.860+05:30,Uber,2026-10-01,11,false,4935.611,8095.92,10,1.2854234257926729
C1030,54,4835.02,Delhi,2026-10-06T01:26:48.860+05:30,Myntra,2026-10-06,1,false,5110.168000000001,9238.55,10,0.9461567604039632
C1017,58,9662.91,New York,2026-10-01T16:48:48.860+05:30,Swiggy,2026-10-01,16,false,5446.542857142857,9662.91,7,1.7741364115638227
C1070,61,6458.77,Pune,2026-10-04T22:55:48.860+05:30,Uber,2026-10-04,22,false,6154.828181818182,9486.61,11,1.0493826649913127
C1096,62,6685.16,Pune,2026-10-06T19:19:48.860+05:30,Swiggy,2026-10-06,19,false,4606.570909090909,8962.25,11,1.4512226408600521
C1008,68,6495.4,Chennai,2026-10-01T22:06:48.860+05:30,Amazon,2026-10-01,22,false,5705.191428571428,9704.91,7,1.138506933785119
C1065,69,1852.22,London,2026-10-04T11:28:48.860+05:30,Amazon,2026-10-04,11,false,4327.495,8471.69,8,0.428012048540784
C1091,70,9368.84,Pune,2026-10-06T19:37:48.860+05:30,Zomato,2026-10-06,19,false,4808.191818181818,9368.84,11,1.948516272702023
C1047,74,958.89,Hyderabad,2026-10-01T02:31:48.860+05:30,Uber,2026-10-01,2,false,4385.5199999999995,7846.68,7,0.21864909976468014
C1048,82,5005.95,Hyderabad,2026-10-06T11:48:48.860+05:30,Flipkart,2026-10-06,11,false,3088.6000000000004,7022.42,8,1.6207828789742924
C1010,84,2114.78,New York,2026-10-06T22:57:48.861+05:30,Apple,2026-10-06,22,false,4498.433333333333,8140.28,9,0.4701147807014294
C1077,85,1889.08,New York,2026-10-05T03:19:48.861+05:30,Walmart,2026-10-05,3,false,3336.414615384616,8958.28,13,0.5662006128642468
C1077,87,994.25,Mumbai,2026-10-07T10:49:48.861+05:30,Amazon,2026-10-07,10,false,3336.414615384616,8958.28,13,0.29799953381554906
C1091,89,6694.37,New York,2026-10-06T09:30:48.861+05:30,Uber,2026-10-06,9,false,4808.191818181818,9368.84,11,1.3922843041922204
C1070,90,9486.61,Mumbai,2026-10-03T08:57:48.861+05:30,Myntra,2026-10-03,8,false,6154.828181818182,9486.61,11,1.5413281605527427
C1054,91,4058.1,Pune,2026-10-02T18:33:48.861+05:30,Flipkart,2026-10-02,18,false,5577.102857142856,7997.02,7,0.7276358539456739
C1041,92,8173.67,Bangalore,2026-10-06T19:24:48.861+05:30,Myntra,2026-10-06,19,false,5640.422222222223,9327.78,9,1.4491237850594318
C1017,93,5852.09,Pune,2026-10-02T03:11:48.861+05:30,Walmart,2026-10-02,3,false,5446.542857142857,9662.91,7,1.074459552324148
C1086,96,8719.34,Hyderabad,2026-10-01T14:46:48.861+05:30,Flipkart,2026-10-01,14,false,4640.491249999999,8719.34,16,1.8789691716367318
C1035,106,9227.28,Delhi,2026-10-01T07:39:48.861+05:30,Myntra,2026-10-01,7,false,7577.179090909091,9644.2,11,1.2177724571761355
C1015,108,6044.84,Chennai,2026-10-06T22:06:48.861+05:30,Zomato,2026-10-06,22,false,4792.305,9067.24,12,1.2613637904933013
C1014,113,3464.81,London,2026-10-07T00:33:48.861+05:30,Uber,2026-10-07,0,false,3020.477777777777,6660.99,9,1.1471066019724623
C1022,114,523.35,New York,2026-10-06T10:06:48.861+05:30,Apple,2026-10-06,10,false,3177.713333333333,9696.32,9,0.1646938993867708
C1100,116,3845.24,Mumbai,2026-10-01T11:15:48.861+05:30,Uber,2026-10-01,11,false,4901.259999999999,8566.26,16,0.7845411179982291
C1080,120,2767.38,Pune,2026-10-06T19:29:48.861+05:30,Apple,2026-10-06,19,false,5252.084545454545,9562.84,11,0.5269107867646665
C1033,122,8384.86,Delhi,2026-10-05T00:40:48.861+05:30,Myntra,2026-10-05,0,false,5039.013,8413.84,10,1.663988562839588
C1047,125,7846.68,Pune,2026-10-06T22:46:48.861+05:30,Flipkart,2026-10-06,22,false,4385.5199999999995,7846.68,7,1.78922453893723
C1013,126,9601.16,Hyderabad,2026-10-06T17:16:48.861+05:30,Swiggy,2026-10-06,17,false,5404.961250000001,9601.16,8,1.7763605613268731
C1057,128,8393.37,Chennai,2026-10-06T22:36:48.861+05:30,Zomato,2026-10-06,22,false,5217.679090909091,8393.37,11,1.6086405188513806
C1023,129,794.02,Mumbai,2026-10-02T19:30:48.861+05:30,Walmart,2026-10-02,19,false,5220.455,9934.09,8,0.1520978535395861
C1055,130,3781.72,Mumbai,2026-10-03T15:27:48.861+05:30,Flipkart,2026-10-03,15,false,4684.112142857142,8818.58,14,0.8073504400971248
C1079,134,7927.5,Mumbai,2026-10-06T13:09:48.861+05:30,Myntra,2026-10-06,13,false,4736.718333333333,9670.93,18,1.6736270645886693
C1002,137,6063.25,Delhi,2026-10-01T21:17:48.861+05:30,Myntra,2026-10-01,21,false,81359.356,750000.0,10,0.0745243116231156
C1040,144,1773.51,Hyderabad,2026-10-03T22:41:48.861+05:30,Walmart,2026-10-03,22,false,4365.485,9017.49,16,0.4062572658020816
C1055,146,6692.04,Delhi,2026-10-06T03:13:48.861+05:30,Zomato,2026-10-06,3,false,4684.112142857142,8818.58,14,1.4286677594183501
C1014,147,4340.26,Delhi,2026-10-02T21:02:48.861+05:30,Flipkart,2026-10-02,21,false,3020.477777777777,6660.99,9,1.4369448541989314
C1096,152,1467.41,Delhi,2026-10-03T22:24:48.861+05:30,Flipkart,2026-10-03,22,false,4606.570909090909,8962.25,11,0.31854714254026073
C1086,155,1587.42,Hyderabad,2026-10-06T01:01:48.861+05:30,Walmart,2026-10-06,1,false,4640.491249999999,8719.34,16,0.342080162310402
C1053,158,7579.14,Chennai,2026-10-02T03:29:48.861+05:30,Apple,2026-10-02,3,false,5294.120000000001,9965.44,14,1.4316146970601344
C1013,159,2159.98,Pune,2026-10-07T20:51:48.861+05:30,Uber,2026-10-07,20,false,5404.961250000001,9601.16,8,0.399629137026653
C1072,166,7597.02,London,2026-10-04T18:24:48.861+05:30,Swiggy,2026-10-04,18,false,3519.8769999999995,7597.02,10,2.1583197367408014
C1055,171,8152.39,London,2026-10-01T17:56:48.861+05:30,Apple,2026-10-01,17,false,4684.112142857142,8818.58,14,1.7404344198786263
C1091,172,2363.04,Pune,2026-10-05T01:22:48.861+05:30,Zomato,2026-10-05,1,false,4808.191818181818,9368.84,11,0.49146125806885255
C1039,173,7630.33,Hyderabad,2026-10-06T21:04:48.861+05:30,Zomato,2026-10-06,21,false,3958.641818181818,9996.16,11,1.9275120989613976
C1095,174,2729.98,Pune,2026-10-05T08:29:48.861+05:30,Apple,2026-10-05,8,false,4509.455555555555,9937.65,9,0.6053901555004176
C1070,176,884.92,Delhi,2026-10-02T04:20:48.861+05:30,Walmart,2026-10-02,4,false,6154.828181818182,9486.61,11,0.14377655620251417
C1030,180,4126.84,Pune,2026-10-02T10:18:48.861+05:30,Zomato,2026-10-02,10,false,5110.168000000001,9238.55,10,0.8075742323931424
C1046,181,2980.62,Pune,2026-10-04T15:05:48.861+05:30,Amazon,2026-10-04,15,false,7408.965454545454,9573.38,11,0.40229908187402436
C1045,188,3895.89,Pune,2026-10-04T07:40:48.861+05:30,Zomato,2026-10-04,7,false,5723.765555555556,9318.22,9,0.6806515679557493
C1007,195,9837.03,Chennai,2026-10-02T14:37:48.861+05:30,Apple,2026-10-02,14,false,5566.350666666667,9837.03,15,1.7672314572108643
C1020,197,9070.37,Hyderabad,2026-10-03T08:38:48.861+05:30,Myntra,2026-10-03,8,false,3496.5481818181825,9070.37,11,2.594092667495709
C1003,198,509.24,Chennai,2026-10-02T22:48:48.861+05:30,Uber,2026-10-02,22,false,4258.298333333334,9852.61,6,0.11958767567169826
C1047,203,6474.61,Pune,2026-10-03T21:08:48.861+05:30,Zomato,2026-10-03,21,false,4385.5199999999995,7846.68,7,1.476360842043817
C1085,205,3417.16,Bangalore,2026-10-05T14:23:48.861+05:30,Myntra,2026-10-05,14,false,5215.24125,8005.24,8,0.655225681074677
C1089,207,7243.99,London,2026-10-03T18:09:48.861+05:30,Apple,2026-10-03,18,false,6255.949,9690.93,10,1.157936229978857
C1046,210,3015.28,Chennai,2026-10-01T10:50:48.861+05:30,Walmart,2026-10-01,10,false,7408.965454545454,9573.38,11,0.40697719789611164
C1093,214,9392.0,Pune,2026-10-01T15:01:48.861+05:30,Flipkart,2026-10-01,15,false,5020.352142857143,9724.73,14,1.87078510286629
C1025,219,4982.4,Hyderabad,2026-10-05T20:14:48.861+05:30,Swiggy,2026-10-05,20,false,3908.816363636364,9574.84,11,1.2746569642798167
C1043,222,9788.6,Hyderabad,2026-10-01T15:26:48.861+05:30,Apple,2026-10-01,15,false,5631.042222222222,9788.6,9,1.7383282905197341
C1034,227,1170.56,Hyderabad,2026-10-06T13:16:48.861+05:30,Walmart,2026-10-06,13,false,4935.611,8095.92,10,0.23716617861496783
C1077,229,5293.62,Pune,2026-10-06T13:35:48.861+05:30,Myntra,2026-10-06,13,false,3336.414615384616,8958.28,13,1.5866193534791722
C1045,230,9318.22,Bangalore,2026-10-04T08:24:48.861+05:30,Swiggy,2026-10-04,8,false,5723.765555555556,9318.22,9,1.62798771360501
C1072,234,3069.17,Pune,2026-10-07T23:38:48.862+05:30,Flipkart,2026-10-07,23,false,3519.8769999999995,7597.02,10,0.8719537642934684
C1079,240,1675.58,Chennai,2026-10-06T04:34:48.862+05:30,Flipkart,2026-10-06,4,false,4736.718333333333,9670.93,18,0.3537427987238704
C1069,246,7025.17,Bangalore,2026-10-01T00:29:48.862+05:30,Swiggy,2026-10-01,0,false,6014.573333333334,8870.28,9,1.1680246645370245
C1018,247,5961.33,London,2026-10-03T22:10:48.862+05:30,Swiggy,2026-10-03,22,false,5248.64,8985.31,10,1.1357856511401048
C1051,248,6156.27,London,2026-10-01T21:02:48.862+05:30,Swiggy,2026-10-01,21,false,4670.660833333334,9866.55,12,1.3180725853746962
C1093,249,9724.73,Pune,2026-10-05T17:35:48.862+05:30,Flipkart,2026-10-05,17,false,5020.352142857143,9724.73,14,1.9370613302168755
C1057,250,6513.72,New York,2026-10-02T11:07:48.862+05:30,Walmart,2026-10-02,11,false,5217.679090909091,8393.37,11,1.2483941397141571
C1086,252,1036.81,Delhi,2026-10-02T02:07:48.862+05:30,Uber,2026-10-02,2,false,4640.491249999999,8719.34,16,0.2234267762060752
C1058,254,8872.59,New York,2026-10-02T10:49:48.862+05:30,Myntra,2026-10-02,10,false,4589.3133333333335,8872.59,9,1.9333153688932403
C1000,259,5426.23,Bangalore,2026-10-06T22:02:48.862+05:30,Swiggy,2026-10-06,22,false,3568.2321428571427,9240.38,14,1.5207054313610682
C1056,260,5240.67,Pune,2026-10-04T15:40:48.862+05:30,Amazon,2026-10-04,15,false,6002.706666666667,9969.37,9,0.8730511569225438
C1083,261,8675.87,Pune,2026-10-04T12:23:48.862+05:30,Swiggy,2026-10-04,12,false,4036.3981818181824,9773.86,11,2.1494088564106884
C1042,263,6742.92,New York,2026-10-06T01:28:48.862+05:30,Apple,2026-10-06,1,false,5305.743636363636,8637.23,11,1.270871806505403
C1084,266,7191.54,Chennai,2026-10-02T16:40:48.862+05:30,Flipkart,2026-10-02,16,false,4001.246,9211.85,10,1.7973251332210016
C1000,270,2520.06,New York,2026-10-07T00:49:48.862+05:30,Swiggy,2026-10-07,0,false,3568.2321428571427,9240.38,14,0.7062488927590194
C1076,274,6743.02,Chennai,2026-10-06T15:28:48.862+05:30,Walmart,2026-10-06,15,false,5563.6362500000005,9503.1,8,1.211980743708757
C1043,275,3182.62,Hyderabad,2026-10-03T11:08:48.862+05:30,Swiggy,2026-10-03,11,false,5631.042222222222,9788.6,9,0.5651919972185926
C1094,278,5311.22,Hyderabad,2026-10-02T15:14:48.862+05:30,Uber,2026-10-02,15,false,4499.112857142858,8718.84,7,1.1805038390108016
C1092,279,6501.65,Delhi,2026-10-04T17:09:48.862+05:30,Myntra,2026-10-04,17,false,4277.000909090909,9818.04,11,1.5201423002226921
C1068,280,5929.8,London,2026-10-04T12:45:48.862+05:30,Zomato,2026-10-04,12,false,5260.007500000001,9461.27,8,1.1273367956224396
C1020,281,5389.53,Hyderabad,2026-10-03T19:20:48.862+05:30,Flipkart,2026-10-03,19,false,3496.5481818181825,9070.37,11,1.5413858810884393
C1058,288,497.75,Mumbai,2026-10-04T23:53:48.862+05:30,Apple,2026-10-04,23,false,4589.3133333333335,8872.59,9,0.10845849124850922
C1075,290,1570.73,Hyderabad,2026-10-06T08:51:48.862+05:30,Uber,2026-10-06,8,false,7032.543999999999,9857.36,10,0.22335160647412947
C1006,292,8374.41,New York,2026-10-03T11:40:48.862+05:30,Uber,2026-10-03,11,false,6649.928,8374.41,5,1.2593234092158592
C1090,294,8981.43,Delhi,2026-10-06T19:37:48.862+05:30,Uber,2026-10-06,19,false,5317.264375,9237.28,16,1.689107286488835
C1007,299,3953.88,London,2026-10-06T10:54:48.862+05:30,Apple,2026-10-06,10,false,5566.350666666667,9837.03,15,0.7103181665641858
C1023,300,2656.67,Bangalore,2026-10-02T21:56:48.862+05:30,Apple,2026-10-02,21,false,5220.455,9934.09,8,0.5088962552114711
C1080,301,2981.78,Pune,2026-10-05T06:55:48.862+05:30,Myntra,2026-10-05,6,false,5252.084545454545,9562.84,11,0.5677326734164254
C1039,304,4140.13,Chennai,2026-10-03T16:25:48.862+05:30,Uber,2026-10-03,16,false,3958.641818181818,9996.16,11,1.0458460730103485
C1090,314,2667.95,Hyderabad,2026-10-02T21:11:48.862+05:30,Myntra,2026-10-02,21,false,5317.264375,9237.28,16,0.501752369610172
C1010,315,5258.28,Mumbai,2026-10-01T22:19:48.862+05:30,Myntra,2026-10-01,22,false,4498.433333333333,8140.28,9,1.1689136217794343
C1063,316,6891.79,Delhi,2026-10-04T02:15:48.862+05:30,Uber,2026-10-04,2,false,7277.253333333334,9382.16,9,0.947031755570783
C1052,317,9554.87,New York,2026-10-01T17:33:48.862+05:30,Walmart,2026-10-01,17,false,5296.644,9554.87,5,1.8039479338237572
C1100,318,7449.47,Mumbai,2026-10-04T15:05:48.862+05:30,Walmart,2026-10-04,15,false,4901.259999999999,8566.26,16,1.5199091662144022
C1029,319,2490.69,New York,2026-10-06T03:57:48.862+05:30,Swiggy,2026-10-06,3,false,1521.0399999999997,3519.08,7,1.6374914532162208
C1042,320,4509.21,Hyderabad,2026-10-03T18:59:48.862+05:30,Uber,2026-10-03,18,false,5305.743636363636,8637.23,11,0.8498733276699454
C1055,321,7691.13,Mumbai,2026-10-06T09:38:48.862+05:30,Amazon,2026-10-06,9,false,4684.112142857142,8818.58,14,1.6419611156680556
C1085,322,5734.51,Bangalore,2026-10-05T06:10:48.862+05:30,Zomato,2026-10-05,6,false,5215.24125,8005.24,8,1.099567541578254
C1079,329,5794.36,London,2026-10-03T00:27:48.862+05:30,Zomato,2026-10-03,0,false,4736.718333333333,9670.93,18,1.2232857417811416
C1097,330,3542.33,Delhi,2026-10-07T04:25:48.862+05:30,Amazon,2026-10-07,4,false,5611.780909090909,9330.36,11,0.6312309866305609
C1036,333,4875.58,Mumbai,2026-10-05T05:23:48.862+05:30,Uber,2026-10-05,5,false,4926.597777777778,8819.61,9,0.9896444199264851
C1061,334,1149.64,Mumbai,2026-10-06T13:54:48.862+05:30,Amazon,2026-10-06,13,false,5766.68,9886.73,10,0.19935907662641242
C1083,340,4321.39,Mumbai,2026-10-05T19:39:48.862+05:30,Amazon,2026-10-05,19,false,4036.3981818181824,9773.86,11,1.0706054767999733
C1013,341,4319.65,Bangalore,2026-10-04T22:31:48.862+05:30,Uber,2026-10-04,22,false,5404.961250000001,9601.16,8,0.7992009193405408
C1086,344,1288.56,Chennai,2026-10-07T13:11:48.862+05:30,Flipkart,2026-10-07,13,false,4640.491249999999,8719.34,16,0.27767749804506153
C1028,349,3440.93,Pune,2026-10-06T07:46:48.862+05:30,Uber,2026-10-06,7,false,4915.713333333333,7327.73,6,0.6999858955702597
C1052,354,2356.64,London,2026-10-05T19:25:48.862+05:30,Walmart,2026-10-05,19,false,5296.644,9554.87,5,0.4449307901380572
C1043,357,1876.73,Chennai,2026-10-02T16:29:48.862+05:30,Zomato,2026-10-02,16,false,5631.042222222222,9788.6,9,0.33328288546544965
C1090,360,2196.61,Hyderabad,2026-10-06T20:17:48.862+05:30,Uber,2026-10-06,20,false,5317.264375,9237.28,16,0.41310904350134
C1095,362,8759.05,Bangalore,2026-10-04T12:24:48.862+05:30,Amazon,2026-10-04,12,false,4509.455555555555,9937.65,9,1.9423741718019667
C1099,363,7915.81,Hyderabad,2026-10-03T06:45:48.862+05:30,Apple,2026-10-03,6,false,5882.338,8755.63,10,1.34569111805544
C1099,367,8673.21,Hyderabad,2026-10-02T08:24:48.862+05:30,Myntra,2026-10-02,8,false,5882.338,8755.63,10,1.4744494451015904
C1059,370,7058.83,Chennai,2026-10-04T21:54:48.862+05:30,Uber,2026-10-04,21,false,7028.583333333333,9774.57,6,1.0043033802449521
C1047,371,2665.19,Delhi,2026-10-04T12:00:48.862+05:30,Walmart,2026-10-04,12,false,4385.5199999999995,7846.68,7,0.6077249676207155
C1013,373,792.68,Bangalore,2026-10-04T02:18:48.862+05:30,Myntra,2026-10-04,2,false,5404.961250000001,9601.16,8,0.14665785069226903
C1060,381,1939.03,Delhi,2026-10-02T17:00:48.862+05:30,Apple,2026-10-02,17,false,4820.861111111111,9622.87,9,0.40221652424935606
C1039,382,394.0,Hyderabad,2026-10-01T18:00:48.862+05:30,Apple,2026-10-01,18,false,3958.641818181818,9996.16,11,0.09952908550361396
C1093,384,1540.36,Bangalore,2026-10-01T23:07:48.862+05:30,Flipkart,2026-10-01,23,false,5020.352142857143,9724.73,14,0.3068230984935177
C1092,388,8178.0,Delhi,2026-10-06T20:58:48.862+05:30,Myntra,2026-10-06,20,false,4277.000909090909,9818.04,11,1.912087505667204
C1031,389,8015.91,Chennai,2026-10-05T18:22:48.862+05:30,Apple,2026-10-05,18,false,6461.551,9870.47,10,1.2405550927323794
C1060,390,4528.21,Hyderabad,2026-10-07T23:22:48.862+05:30,Myntra,2026-10-07,23,false,4820.861111111111,9622.87,9,0.9392948470478418
C1084,393,416.12,London,2026-10-07T11:25:48.862+05:30,Flipkart,2026-10-07,11,false,4001.246,9211.85,10,0.10399760474612159
C1079,394,5521.93,Pune,2026-10-07T12:16:48.862+05:30,Swiggy,2026-10-07,12,false,4736.718333333333,9670.93,18,1.1657712389484844
C1020,396,1870.24,Mumbai,2026-10-06T16:41:48.862+05:30,Walmart,2026-10-06,16,false,3496.5481818181825,9070.37,11,0.5348818042105421
C1053,399,9360.39,London,2026-10-04T06:05:48.862+05:30,Walmart,2026-10-04,6,false,5294.120000000001,9965.44,14,1.768072880856497
C1074,410,1198.62,Bangalore,2026-10-05T23:55:48.862+05:30,Walmart,2026-10-05,23,false,4487.674999999999,9739.14,8,0.26709153403488445
C1093,411,9112.19,New York,2026-10-02T23:48:48.862+05:30,Amazon,2026-10-02,23,false,5020.352142857143,9724.73,14,1.815049968748635
C1016,412,6331.63,Delhi,2026-10-05T21:01:48.862+05:30,Swiggy,2026-10-05,21,false,4916.9766666666665,9399.49,12,1.2877079614641247
C1100,413,6367.05,Chennai,2026-10-01T18:58:48.862+05:30,Myntra,2026-10-01,18,false,4901.259999999999,8566.26,16,1.299063914177171
C1019,414,5317.16,Hyderabad,2026-10-07T10:20:48.862+05:30,Apple,2026-10-07,10,false,3016.2024999999994,9018.94,8,1.762865722709268
C1044,415,2827.76,Mumbai,2026-10-07T15:43:48.862+05:30,Zomato,2026-10-07,15,false,4062.3511111111115,7154.07,9,0.696089511383118
C1077,416,8958.28,London,2026-10-03T22:12:48.862+05:30,Apple,2026-10-03,22,false,3336.414615384616,8958.28,13,2.6850020254354106
C1064,418,1198.0,Mumbai,2026-10-06T14:34:48.862+05:30,Myntra,2026-10-06,14,false,5247.81375,9353.4,16,0.22828554081211436
C1020,427,2537.33,Pune,2026-10-03T00:36:48.862+05:30,Walmart,2026-10-03,0,false,3496.5481818181825,9070.37,11,0.7256671059743854
C1098,429,4866.84,New York,2026-10-06T13:13:48.862+05:30,Flipkart,2026-10-06,13,false,5336.942857142857,9110.41,7,0.9119153287328755
C1063,434,5164.76,Delhi,2026-10-07T17:38:48.863+05:30,Swiggy,2026-10-07,17,false,7277.253333333334,9382.16,9,0.7097128220537419
C1091,435,7245.17,London,2026-10-07T20:10:48.863+05:30,Walmart,2026-10-07,20,false,4808.191818181818,9368.84,11,1.5068388021881596
C1087,436,4015.01,Hyderabad,2026-10-02T11:43:48.863+05:30,Uber,2026-10-02,11,false,4560.190625,9756.96,16,0.8804478431205932
C1085,437,7998.07,Chennai,2026-10-03T05:02:48.863+05:30,Uber,2026-10-03,5,false,5215.24125,8005.24,8,1.5335954017467552
C1066,438,2713.14,Pune,2026-10-05T01:01:48.863+05:30,Apple,2026-10-05,1,false,3139.325714285714,6024.31,7,0.8642429129458191
C1063,439,9382.16,New York,2026-10-01T16:01:48.863+05:30,Swiggy,2026-10-01,16,false,7277.253333333334,9382.16,9,1.2892446600732144
C1031,440,4385.26,Chennai,2026-10-04T06:38:48.863+05:30,Uber,2026-10-04,6,false,6461.551,9870.47,10,0.6786698735334596
C1090,445,7121.27,Chennai,2026-10-04T14:35:48.863+05:30,Walmart,2026-10-04,14,false,5317.264375,9237.28,16,1.339273261168249
C1087,449,2618.13,Chennai,2026-10-02T09:20:48.863+05:30,Uber,2026-10-02,9,false,4560.190625,9756.96,16,0.5741273151273144
C1012,451,927.1,Delhi,2026-10-04T14:19:48.863+05:30,Apple,2026-10-04,14,false,3703.6549999999997,9166.13,18,0.250320291711836
C1087,454,8799.33,Chennai,2026-10-06T21:52:48.863+05:30,Walmart,2026-10-06,21,false,4560.190625,9756.96,16,1.929596967232044
C1059,455,8346.99,Chennai,2026-10-02T14:20:48.863+05:30,Amazon,2026-10-02,14,false,7028.583333333333,9774.57,6,1.1875778665686543
C1035,457,8935.24,Hyderabad,2026-10-02T03:37:48.863+05:30,Apple,2026-10-02,3,false,7577.179090909091,9644.2,11,1.1792304092060164
C1048,459,7022.42,Bangalore,2026-10-02T08:31:48.863+05:30,Uber,2026-10-02,8,false,3088.6000000000004,7022.42,8,2.2736579680113964
C1081,462,4591.99,Hyderabad,2026-10-07T17:19:48.863+05:30,Walmart,2026-10-07,17,false,5991.9063636363635,9147.69,11,0.7663654472085603
C1057,469,1410.65,Delhi,2026-10-01T04:38:48.863+05:30,Swiggy,2026-10-01,4,false,5217.679090909091,8393.37,11,0.27035967053968785
C1065,473,7421.54,Pune,2026-10-02T21:51:48.863+05:30,Flipkart,2026-10-02,21,false,4327.495,8471.69,8,1.7149736741463595
C1028,474,5597.03,New York,2026-10-05T20:09:48.863+05:30,Amazon,2026-10-05,20,false,4915.713333333333,7327.73,6,1.138599755613631
C1038,475,2732.05,Chennai,2026-10-02T04:08:48.863+05:30,Uber,2026-10-02,4,false,3299.764545454546,8865.4,11,0.8279530137274257
C1001,478,9267.61,Pune,2026-10-07T20:00:48.863+05:30,Uber,2026-10-07,20,false,88469.96499999998,500000.0,6,0.10475430842546397
C1010,482,2955.0,Hyderabad,2026-10-02T17:06:48.863+05:30,Uber,2026-10-02,17,false,4498.433333333333,8140.28,9,0.656895363571021
C1043,485,9680.9,London,2026-10-07T22:54:48.863+05:30,Myntra,2026-10-07,22,false,5631.042222222222,9788.6,9,1.7192021686137438
C1056,488,8545.24,Chennai,2026-10-01T22:52:48.863+05:30,Apple,2026-10-01,22,false,6002.706666666667,9969.37,9,1.423564480911944
C1042,489,5106.77,Hyderabad,2026-10-04T23:30:48.863+05:30,Walmart,2026-10-04,23,false,5305.743636363636,8637.23,11,0.9624984450812997
C1002,490,5844.13,London,2026-10-04T07:07:48.863+05:30,Zomato,2026-10-04,7,false,81359.356,750000.0,10,0.07183107496573596
C1090,491,9229.07,London,2026-10-06T15:42:48.863+05:30,Swiggy,2026-10-06,15,false,5317.264375,9237.28,16,1.7356801071227534
C1014,492,899.79,London,2026-10-06T17:08:48.863+05:30,Amazon,2026-10-06,17,false,3020.477777777777,6660.99,9,0.2978965800112565
C1070,494,5948.47,Mumbai,2026-10-03T05:51:48.863+05:30,Uber,2026-10-03,5,false,6154.828181818182,9486.61,11,0.9664721458142764
C1055,496,1591.71,Mumbai,2026-10-03T02:28:48.863+05:30,Swiggy,2026-10-03,2,false,4684.112142857142,8818.58,14,0.3398103955361567
C1099,497,6873.86,New York,2026-10-01T04:50:48.863+05:30,Zomato,2026-10-01,4,false,5882.338,8755.63,10,1.1685591681402872
C1073,499,5495.46,Bangalore,2026-10-01T16:54:48.863+05:30,Amazon,2026-10-01,16,false,3618.4620000000004,8430.09,10,1.5187281226112086
C1053,501,1476.79,Hyderabad,2026-10-02T08:07:48.863+05:30,Myntra,2026-10-02,8,false,5294.120000000001,9965.44,14,0.27894909824484515
C1065,504,2885.24,Pune,2026-10-06T16:20:48.863+05:30,Apple,2026-10-06,16,false,4327.495,8471.69,8,0.6667228962713995
C1029,508,1189.15,Delhi,2026-10-07T09:51:48.863+05:30,Myntra,2026-10-07,9,false,1521.0399999999997,3519.08,7,0.781800610108873
C1063,509,7376.37,Mumbai,2026-10-02T07:12:48.863+05:30,Amazon,2026-10-02,7,false,7277.253333333334,9382.16,9,1.0136200654459373
C1012,510,7010.35,Delhi,2026-10-03T15:03:48.863+05:30,Myntra,2026-10-03,15,false,3703.6549999999997,9166.13,18,1.8928193905749864
C1036,512,4327.28,Delhi,2026-10-05T02:40:48.863+05:30,Uber,2026-10-05,2,false,4926.597777777778,8819.61,9,0.8783505768461354
C1021,514,3596.67,Pune,2026-10-04T03:27:48.863+05:30,Flipkart,2026-10-04,3,false,5678.83125,9757.58,8,0.6333468704497954
C1003,515,2098.46,New York,2026-10-07T00:01:48.863+05:30,Flipkart,2026-10-07,0,false,4258.298333333334,9852.61,6,0.4927930914500666
C1026,518,8996.06,Hyderabad,2026-10-06T23:48:48.863+05:30,Flipkart,2026-10-06,23,false,3868.7271428571426,8996.06,7,2.3253281164089037
C1046,519,9133.08,Bangalore,2026-10-03T13:40:48.863+05:30,Flipkart,2026-10-03,13,false,7408.965454545454,9573.38,11,1.2327065169937848
C1023,521,4560.43,Bangalore,2026-10-07T07:15:48.863+05:30,Myntra,2026-10-07,7,false,5220.455,9934.09,8,0.8735694494062299
C1031,522,6663.08,London,2026-10-04T11:33:48.863+05:30,Amazon,2026-10-04,11,false,6461.551,9870.47,10,1.0311889513833443
C1100,526,7921.29,London,2026-10-01T04:44:48.863+05:30,Myntra,2026-10-01,4,false,4901.259999999999,8566.26,16,1.6161742082648138
C1049,528,1978.32,Mumbai,2026-10-04T20:10:48.863+05:30,Swiggy,2026-10-04,20,false,5198.5199999999995,8964.06,7,0.38055446550171973
C1041,529,6928.8,Chennai,2026-10-01T00:11:48.863+05:30,Myntra,2026-10-01,0,false,5640.422222222223,9327.78,9,1.2284186763008282
C1062,530,720.42,Pune,2026-10-04T20:13:48.863+05:30,Myntra,2026-10-04,20,false,5481.721111111112,9531.57,9,0.13142222769045162
C1051,531,1645.01,Chennai,2026-10-05T22:24:48.863+05:30,Myntra,2026-10-05,22,false,4670.660833333334,9866.55,12,0.3522006967964739
C1089,539,9690.93,Pune,2026-10-02T17:06:48.863+05:30,Zomato,2026-10-02,17,false,6255.949,9690.93,10,1.5490743290905986
C1091,543,2445.52,Delhi,2026-10-04T09:42:48.863+05:30,Swiggy,2026-10-04,9,false,4808.191818181818,9368.84,11,0.5086153157934442
C1100,550,1802.59,Hyderabad,2026-10-06T09:41:48.863+05:30,Uber,2026-10-06,9,false,4901.259999999999,8566.26,16,0.3677809379628912
C1096,556,1253.96,London,2026-10-06T20:05:48.863+05:30,Zomato,2026-10-06,20,false,4606.570909090909,8962.25,11,0.2722111576585858
C1079,558,6746.97,Delhi,2026-10-02T11:00:48.863+05:30,Zomato,2026-10-02,11,false,4736.718333333333,9670.93,18,1.4243975523138208
C1074,562,3260.97,Chennai,2026-10-01T13:00:48.863+05:30,Flipkart,2026-10-01,13,false,4487.674999999999,9739.14,8,0.7266502141977751
C1050,564,232.83,London,2026-10-06T22:57:48.863+05:30,Uber,2026-10-06,22,false,4920.444444444444,9646.04,9,0.04731889621533737
C1007,569,3282.79,Delhi,2026-10-05T13:58:48.863+05:30,Amazon,2026-10-05,13,false,5566.350666666667,9837.03,15,0.589756232868788
C1042,570,4028.81,Chennai,2026-10-07T02:09:48.863+05:30,Uber,2026-10-07,2,false,5305.743636363636,8637.23,11,0.7593299405549869
C1015,571,8464.36,Delhi,2026-10-02T16:20:48.863+05:30,Apple,2026-10-02,16,false,4792.305,9067.24,12,1.7662398365713368
C1034,572,4088.93,London,2026-10-07T21:28:48.863+05:30,Amazon,2026-10-07,21,false,4935.611,8095.92,10,0.8284546735956297
C1064,573,8637.28,New York,2026-10-07T18:46:48.863+05:30,Amazon,2026-10-07,18,false,5247.81375,9353.4,16,1.64588158259237
C1097,574,1295.94,Bangalore,2026-10-05T06:22:48.863+05:30,Swiggy,2026-10-05,6,false,5611.780909090909,9330.36,11,0.23093203761761583
C1059,576,202.15,Delhi,2026-10-05T07:53:48.863+05:30,Zomato,2026-10-05,7,false,7028.583333333333,9774.57,6,0.028761130147137288
C1090,579,4119.12,New York,2026-10-02T11:51:48.863+05:30,Walmart,2026-10-02,11,false,5317.264375,9237.28,16,0.774669023298282
C1076,584,8430.79,Hyderabad,2026-10-02T23:33:48.863+05:30,Flipkart,2026-10-02,23,false,5563.6362500000005,9503.1,8,1.515338102845958
C1081,588,9147.69,Delhi,2026-10-03T08:09:48.863+05:30,Swiggy,2026-10-03,8,false,5991.9063636363635,9147.69,11,1.526674391228046
C1071,589,1244.22,Pune,2026-10-02T09:37:48.863+05:30,Uber,2026-10-02,9,false,4354.5230769230775,8528.2,13,0.28573048713274257
C1035,590,6058.06,London,2026-10-05T05:56:48.863+05:30,Amazon,2026-10-05,5,false,7577.179090909091,9644.2,11,0.7995138992119518
C1068,592,6220.55,Mumbai,2026-10-06T05:36:48.863+05:30,Apple,2026-10-06,5,false,5260.007500000001,9461.27,8,1.1826123822066792
C1062,595,2341.62,Bangalore,2026-10-05T13:59:48.863+05:30,Walmart,2026-10-05,13,false,5481.721111111112,9531.57,9,0.4271687582306367
C1057,600,2340.75,Pune,2026-10-02T22:07:48.863+05:30,Flipkart,2026-10-02,22,false,5217.679090909091,8393.37,11,0.4486190045835426
C1031,605,1206.61,Delhi,2026-10-04T21:21:48.863+05:30,Amazon,2026-10-04,21,false,6461.551,9870.47,10,0.18673689954625441
C1056,608,2665.63,Mumbai,2026-10-01T09:43:48.863+05:30,Swiggy,2026-10-01,9,false,6002.706666666667,9969.37,9,0.44407134115054764
C1071,612,232.23,Hyderabad,2026-10-03T01:03:48.863+05:30,Flipkart,2026-10-03,1,false,4354.5230769230775,8528.2,13,0.05333075422902445
C1012,614,6502.41,New York,2026-10-01T21:49:48.863+05:30,Swiggy,2026-10-01,21,false,3703.6549999999997,9166.13,18,1.7556737871103005
C1100,619,1898.86,Hyderabad,2026-10-06T02:23:48.863+05:30,Zomato,2026-10-06,2,false,4901.259999999999,8566.26,16,0.3874228259672003
C1021,622,8752.29,London,2026-10-02T12:39:48.863+05:30,Zomato,2026-10-02,12,false,5678.83125,9757.58,8,1.5412132558085787
C1016,626,3489.79,Pune,2026-10-02T13:01:48.863+05:30,Swiggy,2026-10-02,13,false,4916.9766666666665,9399.49,12,0.7097430467095973
C1079,632,101.16,New York,2026-10-01T10:26:48.864+05:30,Amazon,2026-10-01,10,false,4736.718333333333,9670.93,18,0.02135655803895172
C1032,636,960.85,Delhi,2026-10-06T19:38:48.864+05:30,Swiggy,2026-10-06,19,false,4781.380909090909,8800.82,11,0.2009565893763289
C1010,638,5189.88,London,2026-10-06T12:43:48.864+05:30,Swiggy,2026-10-06,12,false,4498.433333333333,8140.28,9,1.1537083280845923
C1064,640,5595.78,Hyderabad,2026-10-04T21:05:48.864+05:30,Uber,2026-10-04,21,false,5247.81375,9353.4,16,1.0663068978010128
C1071,641,3940.26,New York,2026-10-07T05:51:48.864+05:30,Swiggy,2026-10-07,5,false,4354.5230769230775,8528.2,13,0.9048660278967227
C1019,642,772.17,London,2026-10-05T15:47:48.864+05:30,Apple,2026-10-05,15,false,3016.2024999999994,9018.94,8,0.25600734698681543
C1057,656,6067.79,London,2026-10-01T19:32:48.864+05:30,Amazon,2026-10-01,19,false,5217.679090909091,8393.37,11,1.1629289372303637
C1042,661,1560.49,Mumbai,2026-10-01T00:26:48.864+05:30,Uber,2026-10-01,0,false,5305.743636363636,8637.23,11,0.2941133433784794
C1017,667,5000.25,Mumbai,2026-10-03T17:01:48.864+05:30,Myntra,2026-10-03,17,false,5446.542857142857,9662.91,7,0.9180594243268337
C1093,668,758.34,Chennai,2026-10-04T05:48:48.864+05:30,Amazon,2026-10-04,5,false,5020.352142857143,9724.73,14,0.151053148946723
C1038,671,150.78,New York,2026-10-04T15:42:48.864+05:30,Apple,2026-10-04,15,false,3299.764545454546,8865.4,11,0.04569416936359921
C1081,672,6482.05,Mumbai,2026-10-04T17:10:48.864+05:30,Flipkart,2026-10-04,17,false,5991.9063636363635,9147.69,11,1.0818009505853123
C1098,673,9110.41,New York,2026-10-02T15:15:48.864+05:30,Myntra,2026-10-02,15,false,5336.942857142857,9110.41,7,1.7070465702676225
C1014,674,2576.24,Delhi,2026-10-01T17:48:48.864+05:30,Zomato,2026-10-01,17,false,3020.477777777777,6660.99,9,0.8529246660756393
C1044,679,948.98,London,2026-10-05T23:24:48.864+05:30,Zomato,2026-10-05,23,false,4062.3511111111115,7154.07,9,0.2336036383965935
C1092,683,309.74,Chennai,2026-10-04T16:42:48.864+05:30,Zomato,2026-10-04,16,false,4277.000909090909,9818.04,11,0.07241990511192954
C1051,686,1009.19,Bangalore,2026-10-07T05:27:48.864+05:30,Uber,2026-10-07,5,false,4670.660833333334,9866.55,12,0.21607006717286434
C1018,688,588.51,Bangalore,2026-10-01T13:09:48.864+05:30,Walmart,2026-10-01,13,false,5248.64,8985.31,10,0.11212618887940494
C1096,692,5706.38,London,2026-10-02T14:47:48.864+05:30,Zomato,2026-10-02,14,false,4606.570909090909,8962.25,11,1.2387478913520371
C1026,693,8311.31,Bangalore,2026-10-01T09:18:48.864+05:30,Flipkart,2026-10-01,9,false,3868.7271428571426,8996.06,7,2.1483319172160353
C1065,694,1110.21,Pune,2026-10-02T11:39:48.864+05:30,Zomato,2026-10-02,11,false,4327.495,8471.69,8,0.25654795672785297
C1064,696,5942.0,Mumbai,2026-10-05T01:14:48.864+05:30,Myntra,2026-10-05,1,false,5247.81375,9353.4,16,1.1322810379846273
C1007,698,1496.28,New York,2026-10-04T15:23:48.864+05:30,Zomato,2026-10-04,15,false,5566.350666666667,9837.03,15,0.2688080736559177
C1043,699,8025.79,New York,2026-10-01T10:55:48.864+05:30,Apple,2026-10-01,10,false,5631.042222222222,9788.6,9,1.4252761182161264
C1032,702,5767.81,Delhi,2026-10-01T04:57:48.864+05:30,Flipkart,2026-10-01,4,false,4781.380909090909,8800.82,11,1.2063063181252887
C1071,703,4566.33,Bangalore,2026-10-07T15:51:48.864+05:30,Swiggy,2026-10-07,15,false,4354.5230769230775,8528.2,13,1.048640670708441
C1083,707,4878.08,New York,2026-10-02T07:00:48.864+05:30,Amazon,2026-10-02,7,false,4036.3981818181824,9773.86,11,1.2085229901185528
C1053,709,2729.35,Pune,2026-10-05T23:22:48.864+05:30,Myntra,2026-10-05,23,false,5294.120000000001,9965.44,14,0.5155436597583734
C1039,710,1589.82,Chennai,2026-10-01T06:56:48.864+05:30,Amazon,2026-10-01,6,false,3958.641818181818,9996.16,11,0.40160743836384655
C1005,711,2400.3,Delhi,2026-10-05T08:39:48.864+05:30,Swiggy,2026-10-05,8,false,4320.857499999999,8448.1,12,0.5555147328973475
C1051,713,4062.66,London,2026-10-03T07:40:48.864+05:30,Swiggy,2026-10-03,7,false,4670.660833333334,9866.55,12,0.8698255225482902
C1088,721,9431.24,Chennai,2026-10-06T07:16:48.864+05:30,Zomato,2026-10-06,7,false,4964.531666666667,9431.24,6,1.8997240088776417
C1005,722,6669.17,Bangalore,2026-10-06T21:07:48.864+05:30,Amazon,2026-10-06,21,false,4320.857499999999,8448.1,12,1.5434829776265477
C1038,724,4892.54,Delhi,2026-10-04T05:59:48.864+05:30,Apple,2026-10-04,5,false,3299.764545454546,8865.4,11,1.482693668776918
C1011,727,2882.6,Hyderabad,2026-10-01T04:56:48.864+05:30,Walmart,2026-10-01,4,false,5951.5075,9810.61,8,0.4843478732069144
C1009,731,1085.59,Bangalore,2026-10-07T06:41:48.864+05:30,Swiggy,2026-10-07,6,false,5249.364545454544,9876.56,11,0.2068040789699048
C1080,738,9562.84,Mumbai,2026-10-02T14:47:48.864+05:30,Zomato,2026-10-02,14,false,5252.084545454545,9562.84,11,1.820770385022882
C1093,739,4907.58,Bangalore,2026-10-02T01:47:48.864+05:30,Amazon,2026-10-02,1,false,5020.352142857143,9724.73,14,0.9775370054434144
C1069,740,3980.23,Chennai,2026-10-01T02:40:48.864+05:30,Swiggy,2026-10-01,2,false,6014.573333333334,8870.28,9,0.6617643146756876
C1027,752,853.47,New York,2026-10-03T12:42:48.864+05:30,Flipkart,2026-10-03,12,false,6337.765714285715,9016.94,7,0.13466417637941805
C1070,755,6623.38,Bangalore,2026-10-06T23:12:48.864+05:30,Zomato,2026-10-06,23,false,6154.828181818182,9486.61,11,1.0761275220591786
C1087,759,7411.04,Delhi,2026-10-05T06:23:48.864+05:30,Myntra,2026-10-05,6,false,4560.190625,9756.96,16,1.6251601324231921
C1028,762,7327.73,London,2026-10-02T13:43:48.864+05:30,Amazon,2026-10-02,13,false,4915.713333333333,7327.73,6,1.4906748020294105
C1061,763,8671.12,New York,2026-10-06T11:32:48.864+05:30,Uber,2026-10-06,11,false,5766.68,9886.73,10,1.5036589510775697
C1031,770,7390.92,Hyderabad,2026-10-06T07:33:48.864+05:30,Apple,2026-10-06,7,false,6461.551,9870.47,10,1.1438306375667389
C1079,774,9670.93,Bangalore,2026-10-02T19:09:48.864+05:30,Myntra,2026-10-02,19,false,4736.718333333333,9670.93,18,2.04169412648912
C1034,775,3983.48,Mumbai,2026-10-07T20:45:48.864+05:30,Apple,2026-10-07,20,false,4935.611,8095.92,10,0.8070895376479225
C1023,776,8230.05,Pune,2026-10-05T12:20:48.864+05:30,Flipkart,2026-10-05,12,false,5220.455,9934.09,8,1.5765005157596415
C1086,782,585.25,Pune,2026-10-03T03:36:48.865+05:30,Swiggy,2026-10-03,3,false,4640.491249999999,8719.34,16,0.12611811303383022
C1053,783,1619.27,Bangalore,2026-10-06T19:37:48.865+05:30,Amazon,2026-10-06,19,false,5294.120000000001,9965.44,14,0.30586197517245545
C1018,785,6362.58,Chennai,2026-10-04T22:19:48.865+05:30,Zomato,2026-10-04,22,false,5248.64,8985.31,10,1.2122340263382514
C1016,789,6195.87,Pune,2026-10-04T18:04:48.865+05:30,Amazon,2026-10-04,18,false,4916.9766666666665,9399.49,12,1.2600974989373552
C1083,793,113.1,Mumbai,2026-10-05T09:02:48.865+05:30,Flipkart,2026-10-05,9,false,4036.3981818181824,9773.86,11,0.028020030459198767
C1099,798,6684.64,New York,2026-10-06T17:22:48.865+05:30,Myntra,2026-10-06,17,false,5882.338,8755.63,10,1.1363916864348838
C1077,807,3352.76,Delhi,2026-10-03T13:15:48.865+05:30,Flipkart,2026-10-03,13,false,3336.414615384616,8958.28,13,1.0048990867441996
C1050,808,4131.88,London,2026-10-07T17:11:48.865+05:30,Zomato,2026-10-07,17,false,4920.444444444444,9646.04,9,0.839737151115527
C1090,811,9237.28,Chennai,2026-10-04T21:15:48.865+05:30,Myntra,2026-10-04,21,false,5317.264375,9237.28,16,1.7372241341676755
C1024,812,8413.34,Hyderabad,2026-10-01T07:50:48.865+05:30,Apple,2026-10-01,7,false,5167.605714285715,8413.34,7,1.628092479412958
C1021,814,1048.22,London,2026-10-04T22:33:48.865+05:30,Amazon,2026-10-04,22,false,5678.83125,9757.58,8,0.18458375568036117
C1044,815,7154.07,Chennai,2026-10-05T22:10:48.865+05:30,Flipkart,2026-10-05,22,false,4062.3511111111115,7154.07,9,1.7610663884843913
C1060,819,7294.31,Mumbai,2026-10-06T18:09:48.865+05:30,Walmart,2026-10-06,18,false,4820.861111111111,9622.87,9,1.5130720076519295
C1079,824,3456.69,Hyderabad,2026-10-05T13:19:48.865+05:30,Myntra,2026-10-05,13,false,4736.718333333333,9670.93,18,0.7297647351489129
C1089,828,2662.23,Mumbai,2026-10-02T09:18:48.865+05:30,Swiggy,2026-10-02,9,false,6255.949,9690.93,10,0.4255517428291056
C1006,829,4094.59,New York,2026-10-05T03:24:48.865+05:30,Walmart,2026-10-05,3,false,6649.928,8374.41,5,0.61573448614782
C1060,830,2405.33,Chennai,2026-10-07T06:40:48.865+05:30,Walmart,2026-10-07,6,false,4820.861111111111,9622.87,9,0.49894198247201105
C1033,831,5331.28,Chennai,2026-10-04T09:56:48.865+05:30,Swiggy,2026-10-04,9,false,5039.013,8413.84,10,1.0580008426253316
C1055,834,2146.65,Mumbai,2026-10-05T04:44:48.865+05:30,Myntra,2026-10-05,4,false,4684.112142857142,8818.58,14,0.45828322092447166
C1057,837,5342.54,Delhi,2026-10-04T18:40:48.865+05:30,Myntra,2026-10-04,18,false,5217.679090909091,8393.37,11,1.0239303542658378
C1007,844,5209.07,Hyderabad,2026-10-04T02:40:48.865+05:30,Myntra,2026-10-04,2,false,5566.350666666667,9837.03,15,0.9358142007103156
C1041,845,3846.73,Hyderabad,2026-10-05T17:32:48.865+05:30,Walmart,2026-10-05,17,false,5640.422222222223,9327.78,9,0.6819932707953303
C1010,849,3987.18,Pune,2026-10-04T15:56:48.865+05:30,Amazon,2026-10-04,15,false,4498.433333333333,8140.28,9,0.8863485806169555
C1083,856,306.9,Bangalore,2026-10-01T15:40:48.865+05:30,Amazon,2026-10-01,15,false,4036.3981818181824,9773.86,11,0.07603313304976217
C1016,861,5602.61,New York,2026-10-04T08:18:48.865+05:30,Swiggy,2026-10-04,8,false,4916.9766666666665,9399.49,12,1.1394420555178555
C1007,864,890.94,Pune,2026-10-03T06:39:48.865+05:30,Apple,2026-10-03,6,false,5566.350666666667,9837.03,15,0.16005818773424982
C1073,866,2632.13,Hyderabad,2026-10-03T22:12:48.865+05:30,Uber,2026-10-03,22,false,3618.4620000000004,8430.09,10,0.7274167864689473
C1082,869,821.19,New York,2026-10-05T02:58:48.865+05:30,Flipkart,2026-10-05,2,false,4236.89,9239.9,7,0.19381905123805432
C1053,871,4636.16,Hyderabad,2026-10-04T15:49:48.865+05:30,Walmart,2026-10-04,15,false,5294.120000000001,9965.44,14,0.8757187219027901
C1064,879,3047.81,New York,2026-10-01T15:56:48.865+05:30,Swiggy,2026-10-01,15,false,5247.81375,9353.4,16,0.5807770902692573
C1017,884,3693.98,Chennai,2026-10-07T02:14:48.865+05:30,Apple,2026-10-07,2,false,5446.542857142857,9662.91,7,0.6782247192190065
C1005,888,7980.42,Chennai,2026-10-02T07:28:48.865+05:30,Amazon,2026-10-02,7,false,4320.857499999999,8448.1,12,1.8469528328578302
C1031,892,9870.47,Mumbai,2026-10-03T07:48:48.865+05:30,Myntra,2026-10-03,7,false,6461.551,9870.47,10,1.5275697738824623
C1001,893,9702.46,Bangalore,2026-10-07T13:07:48.865+05:30,Zomato,2026-10-07,13,false,88469.96499999998,500000.0,6,0.10966953587016792
C1068,894,5307.8,Delhi,2026-10-05T20:26:48.865+05:30,Amazon,2026-10-05,20,false,5260.007500000001,9461.27,8,1.0090860136606268
C1064,901,9353.4,Mumbai,2026-10-04T16:35:48.865+05:30,Amazon,2026-10-04,16,false,5247.81375,9353.4,16,1.7823422182237316
C1030,903,5204.44,Chennai,2026-10-02T21:42:48.865+05:30,Uber,2026-10-02,21,false,5110.168000000001,9238.55,10,1.018447925782479
C1087,908,6677.55,Bangalore,2026-10-06T19:59:48.865+05:30,Uber,2026-10-06,19,false,4560.190625,9756.96,16,1.4643137862246713
C1090,909,3944.08,Hyderabad,2026-10-01T12:54:48.865+05:30,Apple,2026-10-01,12,false,5317.264375,9237.28,16,0.7417498401139778
C1042,915,2726.53,London,2026-10-07T06:31:48.865+05:30,Walmart,2026-10-07,6,false,5305.743636363636,8637.23,11,0.5138827253758278
C1095,922,154.49,Mumbai,2026-10-02T02:03:48.865+05:30,Uber,2026-10-02,2,false,4509.455555555555,9937.65,9,0.034259124654121835
C1016,925,9399.49,Bangalore,2026-10-04T14:50:48.865+05:30,Zomato,2026-10-04,14,false,4916.9766666666665,9399.49,12,1.911640147434772
C1095,927,6705.18,Chennai,2026-10-02T18:39:48.865+05:30,Amazon,2026-10-02,18,false,4509.455555555555,9937.65,9,1.4869156414546227
C1040,930,9017.49,Chennai,2026-10-04T14:56:48.865+05:30,Zomato,2026-10-04,14,false,4365.485,9017.49,16,2.0656330281744184
C1038,933,3581.73,Pune,2026-10-07T20:26:48.865+05:30,Walmart,2026-10-07,20,false,3299.764545454546,8865.4,11,1.0854501739931306
C1009,934,9876.56,Mumbai,2026-10-07T03:08:48.865+05:30,Flipkart,2026-10-07,3,false,5249.364545454544,9876.56,11,1.8814772558617923
C1060,936,3705.96,New York,2026-10-01T07:52:48.865+05:30,Zomato,2026-10-01,7,false,4820.861111111111,9622.87,9,0.7687340320712643
C1033,937,1835.57,Chennai,2026-10-04T02:05:48.865+05:30,Flipkart,2026-10-04,2,false,5039.013,8413.84,10,0.3642717333731824
C1076,939,2307.82,Chennai,2026-10-06T01:07:48.865+05:30,Apple,2026-10-06,1,false,5563.6362500000005,9503.1,8,0.4148042568383222
C1045,940,5987.14,Delhi,2026-10-05T04:19:48.865+05:30,Swiggy,2026-10-05,4,false,5723.765555555556,9318.22,9,1.046014191512231
C1041,943,338.54,Hyderabad,2026-10-01T03:03:48.865+05:30,Amazon,2026-10-01,3,false,5640.422222222223,9327.78,9,0.06002032944736209
C1086,944,5200.42,London,2026-10-01T05:05:48.865+05:30,Flipkart,2026-10-01,5,false,4640.491249999999,8719.34,16,1.120661524790075
C1083,948,3391.86,London,2026-10-05T01:48:48.865+05:30,Flipkart,2026-10-05,1,false,4036.3981818181824,9773.86,11,0.8403184837607245
C1036,950,4484.91,Mumbai,2026-10-03T07:36:48.865+05:30,Uber,2026-10-03,7,false,4926.597777777778,8819.61,9,0.9103462881077723
C1096,952,2859.43,London,2026-10-05T17:36:48.865+05:30,Apple,2026-10-05,17,false,4606.570909090909,8962.25,11,0.6207285324441687
C1030,953,8972.05,Chennai,2026-10-06T10:06:48.865+05:30,Swiggy,2026-10-06,10,false,5110.168000000001,9238.55,10,1.7557250563973628
C1042,957,7038.83,Mumbai,2026-10-03T20:10:48.865+05:30,Flipkart,2026-10-03,20,false,5305.743636363636,8637.23,11,1.3266434419783157
C1076,959,4779.26,New York,2026-10-01T13:12:48.865+05:30,Uber,2026-10-01,13,false,5563.6362500000005,9503.1,8,0.8590173378067266
C1039,967,1353.65,New York,2026-10-06T02:56:48.865+05:30,Zomato,2026-10-06,2,false,3958.641818181818,9996.16,11,0.3419480877968707
C1004,970,8740.34,Hyderabad,2026-10-02T10:30:48.865+05:30,Apple,2026-10-02,10,false,6327.619090909092,9731.18,11,1.3812999604475673
C1059,973,8461.51,London,2026-10-07T21:07:48.865+05:30,Myntra,2026-10-07,21,false,7028.583333333333,9774.57,6,1.2038713349062757
C1096,977,8962.25,Chennai,2026-10-01T12:14:48.865+05:30,Swiggy,2026-10-01,12,false,4606.570909090909,8962.25,11,1.94553609981631
C1061,979,9886.73,Bangalore,2026-10-01T06:18:48.865+05:30,Apple,2026-10-01,6,false,5766.68,9886.73,10,1.714457885646507
C1020,982,1157.01,Chennai,2026-10-02T08:31:48.865+05:30,Walmart,2026-10-02,8,false,3496.5481818181825,9070.37,11,0.3309006310899346
C1095,983,809.4,Hyderabad,2026-10-06T01:49:48.865+05:30,Walmart,2026-10-06,1,false,4509.455555555555,9937.65,9,0.17948951708878383
C1019,989,1779.51,Mumbai,2026-10-07T09:35:48.865+05:30,Amazon,2026-10-07,9,false,3016.2024999999994,9018.94,8,0.5899835969236151
C1047,997,7110.18,Bangalore,2026-10-01T00:31:48.866+05:30,Zomato,2026-10-01,0,false,4385.5199999999995,7846.68,7,1.621285503201445
C1046,998,6465.87,Chennai,2026-10-01T21:45:48.866+05:30,Amazon,2026-10-01,21,false,7408.965454545454,9573.38,11,0.872708887586072
